Period,Release,Studio,Count,Box Office
"1","May 2000","Warner Bros. Pictures","0","0"
"1","May 2000","20th Century Fox","0","0"
"1","May 2000","Universal Pictures","0","0"
"1","May 2000","Walt Disney Pictures","0","0"
"1","May 2000","Paramount Pictures","0","0"
"1","May 2000","Sony Pictures","0","0"
"1","May 2000","New Line Cinema","0","0"
"1","May 2000","Columbia Pictures","0","0"
"1","May 2000","Buena Vista","1","135.6"
"1","May 2000","Lionsgate Films","0","0"
"2","Jun 2000","Warner Bros. Pictures","0","0"
"2","Jun 2000","20th Century Fox","2","1.1"
"2","Jun 2000","Universal Pictures","1","0.4"
"2","Jun 2000","Walt Disney Pictures","0","0"
"2","Jun 2000","Paramount Pictures","1","70.3"
"2","Jun 2000","Sony Pictures","0","0"
"2","Jun 2000","New Line Cinema","0","0"
"2","Jun 2000","Columbia Pictures","1","2.3"
"2","Jun 2000","Buena Vista","1","135.6"
"2","Jun 2000","Lionsgate Films","0","0"
"3","Jul 2000","Warner Bros. Pictures","0","0"
"3","Jul 2000","20th Century Fox","3","157.3"
"3","Jul 2000","Universal Pictures","2","122.8"
"3","Jul 2000","Walt Disney Pictures","0","0"
"3","Jul 2000","Paramount Pictures","1","70.3"
"3","Jul 2000","Sony Pictures","0","0"
"3","Jul 2000","New Line Cinema","0","0"
"3","Jul 2000","Columbia Pictures","1","2.3"
"3","Jul 2000","Buena Vista","1","135.6"
"3","Jul 2000","Lionsgate Films","0","0"
"4","Aug 2000","Warner Bros. Pictures","3","162.9"
"4","Aug 2000","20th Century Fox","3","157.3"
"4","Aug 2000","Universal Pictures","3","190.7"
"4","Aug 2000","Walt Disney Pictures","0","0"
"4","Aug 2000","Paramount Pictures","3","136.1"
"4","Aug 2000","Sony Pictures","0","0"
"4","Aug 2000","New Line Cinema","1","60"
"4","Aug 2000","Columbia Pictures","2","74.4"
"4","Aug 2000","Buena Vista","2","195.4"
"4","Aug 2000","Lionsgate Films","0","0"
"5","Sep 2000","Warner Bros. Pictures","4","177.8"
"5","Sep 2000","20th Century Fox","3","157.3"
"5","Sep 2000","Universal Pictures","4","219.3"
"5","Sep 2000","Walt Disney Pictures","1","114.3"
"5","Sep 2000","Paramount Pictures","3","136.1"
"5","Sep 2000","Sony Pictures","0","0"
"5","Sep 2000","New Line Cinema","2","60.7"
"5","Sep 2000","Columbia Pictures","2","74.4"
"5","Sep 2000","Buena Vista","2","195.4"
"5","Sep 2000","Lionsgate Films","0","0"
"6","Oct 2000","Warner Bros. Pictures","7","241.8"
"6","Oct 2000","20th Century Fox","5","203.3"
"6","Oct 2000","Universal Pictures","5","383.8"
"6","Oct 2000","Walt Disney Pictures","1","114.3"
"6","Oct 2000","Paramount Pictures","5","159.0"
"6","Oct 2000","Sony Pictures","0","0"
"6","Oct 2000","New Line Cinema","5","92.4"
"6","Oct 2000","Columbia Pictures","2","74.4"
"6","Oct 2000","Buena Vista","2","195.4"
"6","Oct 2000","Lionsgate Films","0","0"
"7","Nov 2000","Warner Bros. Pictures","7","241.8"
"7","Nov 2000","20th Century Fox","6","249.5"
"7","Nov 2000","Universal Pictures","6","642.8"
"7","Nov 2000","Walt Disney Pictures","1","114.3"
"7","Nov 2000","Paramount Pictures","5","159.0"
"7","Nov 2000","Sony Pictures","0","0"
"7","Nov 2000","New Line Cinema","6","130.9"
"7","Nov 2000","Columbia Pictures","4","232.6"
"7","Nov 2000","Buena Vista","2","195.4"
"7","Nov 2000","Lionsgate Films","0","0"
"8","Dec 2000","Warner Bros. Pictures","9","378.5"
"8","Dec 2000","20th Century Fox","8","298.8"
"8","Dec 2000","Universal Pictures","7","716.5"
"8","Dec 2000","Walt Disney Pictures","1","114.3"
"8","Dec 2000","Paramount Pictures","6","340.5"
"8","Dec 2000","Sony Pictures","0","0"
"8","Dec 2000","New Line Cinema","7","145.7"
"8","Dec 2000","Columbia Pictures","5","300.4"
"8","Dec 2000","Buena Vista","2","195.4"
"8","Dec 2000","Lionsgate Films","0","0"
"9","Jan 2001","Warner Bros. Pictures","10","397.4"
"9","Jan 2001","20th Century Fox","8","298.8"
"9","Jan 2001","Universal Pictures","7","716.5"
"9","Jan 2001","Walt Disney Pictures","1","114.3"
"9","Jan 2001","Paramount Pictures","6","340.5"
"9","Jan 2001","Sony Pictures","0","0"
"9","Jan 2001","New Line Cinema","9","191.2"
"9","Jan 2001","Columbia Pictures","7","381.9"
"9","Jan 2001","Buena Vista","2","195.4"
"9","Jan 2001","Lionsgate Films","0","0"
"10","Feb 2001","Warner Bros. Pictures","12","441.6"
"10","Feb 2001","20th Century Fox","9","303.7"
"10","Feb 2001","Universal Pictures","8","726.4"
"10","Feb 2001","Walt Disney Pictures","1","114.3"
"10","Feb 2001","Paramount Pictures","7","403.6"
"10","Feb 2001","Sony Pictures","0","0"
"10","Feb 2001","New Line Cinema","9","191.2"
"10","Feb 2001","Columbia Pictures","8","400.9"
"10","Feb 2001","Buena Vista","3","240.6"
"10","Feb 2001","Lionsgate Films","0","0"
"11","Mar 2001","Warner Bros. Pictures","12","441.6"
"11","Mar 2001","20th Century Fox","11","335.2"
"11","Mar 2001","Universal Pictures","8","726.4"
"11","Mar 2001","Walt Disney Pictures","1","114.3"
"11","Mar 2001","Paramount Pictures","8","454.1"
"11","Mar 2001","Sony Pictures","0","0"
"11","Mar 2001","New Line Cinema","10","215.4"
"11","Mar 2001","Columbia Pictures","8","400.9"
"11","Mar 2001","Buena Vista","3","240.6"
"11","Mar 2001","Lionsgate Films","0","0"
"12","Apr 2001","Warner Bros. Pictures","13","474.0"
"12","Apr 2001","20th Century Fox","12","348.9"
"12","Apr 2001","Universal Pictures","9","740.5"
"12","Apr 2001","Walt Disney Pictures","1","114.3"
"12","Apr 2001","Paramount Pictures","9","527.7"
"12","Apr 2001","Sony Pictures","0","0"
"12","Apr 2001","New Line Cinema","12","274.5"
"12","Apr 2001","Columbia Pictures","9","428.0"
"12","Apr 2001","Buena Vista","3","240.6"
"12","Apr 2001","Lionsgate Films","0","0"
"13","May 2001","Warner Bros. Pictures","13","474.0"
"13","May 2001","20th Century Fox","12","348.9"
"13","May 2001","Universal Pictures","10","941.2"
"13","May 2001","Walt Disney Pictures","1","114.3"
"13","May 2001","Paramount Pictures","9","527.7"
"13","May 2001","Sony Pictures","0","0"
"13","May 2001","New Line Cinema","12","274.5"
"13","May 2001","Columbia Pictures","11","496.1"
"13","May 2001","Buena Vista","3","240.6"
"13","May 2001","Lionsgate Films","0","0"
"14","Jun 2001","Warner Bros. Pictures","14","542.8"
"14","Jun 2001","20th Century Fox","14","515.5"
"14","Jun 2001","Universal Pictures","11","1083.7"
"14","Jun 2001","Walt Disney Pictures","2","197.9"
"14","Jun 2001","Paramount Pictures","11","660.0"
"14","Jun 2001","Sony Pictures","0","0"
"14","Jun 2001","New Line Cinema","12","274.5"
"14","Jun 2001","Columbia Pictures","13","578.3"
"14","Jun 2001","Buena Vista","3","240.6"
"14","Jun 2001","Lionsgate Films","0","0"
"15","Jul 2001","Warner Bros. Pictures","15","633.7"
"15","Jul 2001","20th Century Fox","16","728.3"
"15","Jul 2001","Universal Pictures","12","1263.8"
"15","Jul 2001","Walt Disney Pictures","2","197.9"
"15","Jul 2001","Paramount Pictures","12","730.3"
"15","Jul 2001","Sony Pictures","0","0"
"15","Jul 2001","New Line Cinema","12","274.5"
"15","Jul 2001","Columbia Pictures","15","702.8"
"15","Jul 2001","Buena Vista","3","240.6"
"15","Jul 2001","Lionsgate Films","0","0"
"16","Aug 2001","Warner Bros. Pictures","17","665.0"
"16","Aug 2001","20th Century Fox","17","736.6"
"16","Aug 2001","Universal Pictures","14","1433.1"
"16","Aug 2001","Walt Disney Pictures","3","305.7"
"16","Aug 2001","Paramount Pictures","13","786.1"
"16","Aug 2001","Sony Pictures","0","0"
"16","Aug 2001","New Line Cinema","14","502.0"
"16","Aug 2001","Columbia Pictures","15","702.8"
"16","Aug 2001","Buena Vista","3","240.6"
"16","Aug 2001","Lionsgate Films","0","0"
"17","Sep 2001","Warner Bros. Pictures","17","665.0"
"17","Sep 2001","20th Century Fox","19","794.7"
"17","Sep 2001","Universal Pictures","15","1459.7"
"17","Sep 2001","Walt Disney Pictures","3","305.7"
"17","Sep 2001","Paramount Pictures","14","830.8"
"17","Sep 2001","Sony Pictures","0","0"
"17","Sep 2001","New Line Cinema","14","502.0"
"17","Sep 2001","Columbia Pictures","15","702.8"
"17","Sep 2001","Buena Vista","3","240.6"
"17","Sep 2001","Lionsgate Films","0","0"
"18","Oct 2001","Warner Bros. Pictures","19","782.7"
"18","Oct 2001","20th Century Fox","21","846.7"
"18","Oct 2001","Universal Pictures","16","1509.7"
"18","Oct 2001","Walt Disney Pictures","3","305.7"
"18","Oct 2001","Paramount Pictures","14","830.8"
"18","Oct 2001","Sony Pictures","0","0"
"18","Oct 2001","New Line Cinema","15","508.8"
"18","Oct 2001","Columbia Pictures","16","732.4"
"18","Oct 2001","Buena Vista","3","240.6"
"18","Oct 2001","Lionsgate Films","0","0"
"19","Nov 2001","Warner Bros. Pictures","21","1123.6"
"19","Nov 2001","20th Century Fox","24","1009.5"
"19","Nov 2001","Universal Pictures","17","1572.0"
"19","Nov 2001","Walt Disney Pictures","3","305.7"
"19","Nov 2001","Paramount Pictures","15","875.2"
"19","Nov 2001","Sony Pictures","0","0"
"19","Nov 2001","New Line Cinema","16","524.2"
"19","Nov 2001","Columbia Pictures","17","776.3"
"19","Nov 2001","Buena Vista","3","240.6"
"19","Nov 2001","Lionsgate Films","0","0"
"20","Dec 2001","Warner Bros. Pictures","22","1306.9"
"20","Dec 2001","20th Century Fox","24","1009.5"
"20","Dec 2001","Universal Pictures","19","1630.9"
"20","Dec 2001","Walt Disney Pictures","3","305.7"
"20","Dec 2001","Paramount Pictures","17","1056.6"
"20","Dec 2001","Sony Pictures","0","0"
"20","Dec 2001","New Line Cinema","17","838.0"
"20","Dec 2001","Columbia Pictures","19","872.4"
"20","Dec 2001","Buena Vista","3","240.6"
"20","Dec 2001","Lionsgate Films","0","0"
"21","Jan 2002","Warner Bros. Pictures","23","1348.0"
"21","Jan 2002","20th Century Fox","25","1025.4"
"21","Jan 2002","Universal Pictures","20","1801.6"
"21","Jan 2002","Walt Disney Pictures","3","305.7"
"21","Jan 2002","Paramount Pictures","18","1097.6"
"21","Jan 2002","Sony Pictures","1","108.6"
"21","Jan 2002","New Line Cinema","18","878.3"
"21","Jan 2002","Columbia Pictures","19","872.4"
"21","Jan 2002","Buena Vista","3","240.6"
"21","Jan 2002","Lionsgate Films","0","0"
"22","Feb 2002","Warner Bros. Pictures","25","1418.3"
"22","Feb 2002","20th Century Fox","25","1025.4"
"22","Feb 2002","Universal Pictures","22","1879.5"
"22","Feb 2002","Walt Disney Pictures","4","354.0"
"22","Feb 2002","Paramount Pictures","19","1134.7"
"22","Feb 2002","Sony Pictures","1","108.6"
"22","Feb 2002","New Line Cinema","19","949.3"
"22","Feb 2002","Columbia Pictures","19","872.4"
"22","Feb 2002","Buena Vista","3","240.6"
"22","Feb 2002","Lionsgate Films","0","0"
"23","Mar 2002","Warner Bros. Pictures","27","1464.5"
"23","Mar 2002","20th Century Fox","26","1201.6"
"23","Mar 2002","Universal Pictures","22","1879.5"
"23","Mar 2002","Walt Disney Pictures","4","354.0"
"23","Mar 2002","Paramount Pictures","21","1249.7"
"23","Mar 2002","Sony Pictures","2","203.9"
"23","Mar 2002","New Line Cinema","21","1056.4"
"23","Mar 2002","Columbia Pictures","19","872.4"
"23","Mar 2002","Buena Vista","3","240.6"
"23","Mar 2002","Lionsgate Films","0","0"
"24","Apr 2002","Warner Bros. Pictures","27","1464.5"
"24","Apr 2002","20th Century Fox","27","1216.0"
"24","Apr 2002","Universal Pictures","23","1969.8"
"24","Apr 2002","Walt Disney Pictures","4","354.0"
"24","Apr 2002","Paramount Pictures","22","1316.4"
"24","Apr 2002","Sony Pictures","2","203.9"
"24","Apr 2002","New Line Cinema","22","1069.0"
"24","Apr 2002","Columbia Pictures","20","896.8"
"24","Apr 2002","Buena Vista","3","240.6"
"24","Apr 2002","Lionsgate Films","0","0"
"25","May 2002","Warner Bros. Pictures","28","1531.7"
"25","May 2002","20th Century Fox","29","1579.0"
"25","May 2002","Universal Pictures","25","2048.6"
"25","May 2002","Walt Disney Pictures","4","354.0"
"25","May 2002","Paramount Pictures","23","1434.9"
"25","May 2002","Sony Pictures","3","243.1"
"25","May 2002","New Line Cinema","22","1069.0"
"25","May 2002","Columbia Pictures","21","925.8"
"25","May 2002","Buena Vista","3","240.6"
"25","May 2002","Lionsgate Films","0","0"
"26","Jun 2002","Warner Bros. Pictures","30","1754.4"
"26","Jun 2002","20th Century Fox","29","1579.0"
"26","Jun 2002","Universal Pictures","26","2170.1"
"26","Jun 2002","Walt Disney Pictures","4","354.0"
"26","Jun 2002","Paramount Pictures","24","1448.5"
"26","Jun 2002","Sony Pictures","3","243.1"
"26","Jun 2002","New Line Cinema","22","1069.0"
"26","Jun 2002","Columbia Pictures","22","1052.0"
"26","Jun 2002","Buena Vista","3","240.6"
"26","Jun 2002","Lionsgate Films","0","0"
"27","Jul 2002","Warner Bros. Pictures","31","1765.7"
"27","Jul 2002","20th Century Fox","30","1630.4"
"27","Jul 2002","Universal Pictures","26","2170.1"
"27","Jul 2002","Walt Disney Pictures","4","354.0"
"27","Jul 2002","Paramount Pictures","25","1483.6"
"27","Jul 2002","Sony Pictures","3","243.1"
"27","Jul 2002","New Line Cinema","23","1282.1"
"27","Jul 2002","Columbia Pictures","24","1307.1"
"27","Jul 2002","Buena Vista","3","240.6"
"27","Jul 2002","Lionsgate Films","0","0"
"28","Aug 2002","Warner Bros. Pictures","33","1804.9"
"28","Aug 2002","20th Century Fox","30","1630.4"
"28","Aug 2002","Universal Pictures","26","2170.1"
"28","Aug 2002","Walt Disney Pictures","4","354.0"
"28","Aug 2002","Paramount Pictures","27","1519.6"
"28","Aug 2002","Sony Pictures","3","243.1"
"28","Aug 2002","New Line Cinema","24","1291.6"
"28","Aug 2002","Columbia Pictures","26","1488.5"
"28","Aug 2002","Buena Vista","3","240.6"
"28","Aug 2002","Lionsgate Films","0","0"
"29","Sep 2002","Warner Bros. Pictures","35","1841.5"
"29","Sep 2002","20th Century Fox","31","1658.7"
"29","Sep 2002","Universal Pictures","26","2170.1"
"29","Sep 2002","Walt Disney Pictures","4","354.0"
"29","Sep 2002","Paramount Pictures","28","1537.8"
"29","Sep 2002","Sony Pictures","3","243.1"
"29","Sep 2002","New Line Cinema","24","1291.6"
"29","Sep 2002","Columbia Pictures","29","1510.1"
"29","Sep 2002","Buena Vista","3","240.6"
"29","Sep 2002","Lionsgate Films","0","0"
"30","Oct 2002","Warner Bros. Pictures","37","1887.9"
"30","Oct 2002","20th Century Fox","31","1658.7"
"30","Oct 2002","Universal Pictures","28","2268.3"
"30","Oct 2002","Walt Disney Pictures","4","354.0"
"30","Oct 2002","Paramount Pictures","30","1612.7"
"30","Oct 2002","Sony Pictures","3","243.1"
"30","Oct 2002","New Line Cinema","25","1303.1"
"30","Oct 2002","Columbia Pictures","29","1510.1"
"30","Oct 2002","Buena Vista","3","240.6"
"30","Oct 2002","Lionsgate Films","0","0"
"31","Nov 2002","Warner Bros. Pictures","38","2149.7"
"31","Nov 2002","20th Century Fox","32","1673.5"
"31","Nov 2002","Universal Pictures","30","2398.9"
"31","Nov 2002","Walt Disney Pictures","4","354.0"
"31","Nov 2002","Paramount Pictures","30","1612.7"
"31","Nov 2002","Sony Pictures","3","243.1"
"31","Nov 2002","New Line Cinema","26","1336.1"
"31","Nov 2002","Columbia Pictures","30","1527.9"
"31","Nov 2002","Buena Vista","3","240.6"
"31","Nov 2002","Lionsgate Films","0","0"
"32","Dec 2002","Warner Bros. Pictures","38","2149.7"
"32","Dec 2002","20th Century Fox","33","1729.7"
"32","Dec 2002","Universal Pictures","31","2416.4"
"32","Dec 2002","Walt Disney Pictures","4","354.0"
"32","Dec 2002","Paramount Pictures","32","1695.6"
"32","Dec 2002","Sony Pictures","3","243.1"
"32","Dec 2002","New Line Cinema","27","1676.6"
"32","Dec 2002","Columbia Pictures","31","1621.7"
"32","Dec 2002","Buena Vista","3","240.6"
"32","Dec 2002","Lionsgate Films","0","0"
"33","Jan 2003","Warner Bros. Pictures","38","2149.7"
"33","Jan 2003","20th Century Fox","33","1729.7"
"33","Jan 2003","Universal Pictures","31","2416.4"
"33","Jan 2003","Walt Disney Pictures","4","354.0"
"33","Jan 2003","Paramount Pictures","33","1705.8"
"33","Jan 2003","Sony Pictures","4","278.9"
"33","Jan 2003","New Line Cinema","29","1788.1"
"33","Jan 2003","Columbia Pictures","31","1621.7"
"33","Jan 2003","Buena Vista","3","240.6"
"33","Jan 2003","Lionsgate Films","0","0"
"34","Feb 2003","Warner Bros. Pictures","39","2162.6"
"34","Feb 2003","20th Century Fox","34","1832.2"
"34","Feb 2003","Universal Pictures","33","2438.9"
"34","Feb 2003","Walt Disney Pictures","4","354.0"
"34","Feb 2003","Paramount Pictures","34","1811.6"
"34","Feb 2003","Sony Pictures","4","278.9"
"34","Feb 2003","New Line Cinema","29","1788.1"
"34","Feb 2003","Columbia Pictures","32","1643.9"
"34","Feb 2003","Buena Vista","4","288.4"
"34","Feb 2003","Lionsgate Films","0","0"
"35","Mar 2003","Warner Bros. Pictures","40","2196.2"
"35","Mar 2003","20th Century Fox","34","1832.2"
"35","Mar 2003","Universal Pictures","33","2438.9"
"35","Mar 2003","Walt Disney Pictures","5","377.1"
"35","Mar 2003","Paramount Pictures","36","1876.8"
"35","Mar 2003","Sony Pictures","4","278.9"
"35","Mar 2003","New Line Cinema","30","1794.9"
"35","Mar 2003","Columbia Pictures","33","1687.3"
"35","Mar 2003","Buena Vista","4","288.4"
"35","Mar 2003","Lionsgate Films","0","0"
"36","Apr 2003","Warner Bros. Pictures","41","2232.2"
"36","Apr 2003","20th Century Fox","36","1884.8"
"36","Apr 2003","Universal Pictures","33","2438.9"
"36","Apr 2003","Walt Disney Pictures","5","377.1"
"36","Apr 2003","Paramount Pictures","36","1876.8"
"36","Apr 2003","Sony Pictures","4","278.9"
"36","Apr 2003","New Line Cinema","32","1824.8"
"36","Apr 2003","Columbia Pictures","34","1738.8"
"36","Apr 2003","Buena Vista","4","288.4"
"36","Apr 2003","Lionsgate Films","0","0"
"37","May 2003","Warner Bros. Pictures","43","2534.1"
"37","May 2003","20th Century Fox","37","2099.6"
"37","May 2003","Universal Pictures","34","2681.5"
"37","May 2003","Walt Disney Pictures","7","460.9"
"37","May 2003","Paramount Pictures","37","1982.8"
"37","May 2003","Sony Pictures","5","383.0"
"37","May 2003","New Line Cinema","32","1824.8"
"37","May 2003","Columbia Pictures","34","1738.8"
"37","May 2003","Buena Vista","4","288.4"
"37","May 2003","Lionsgate Films","0","0"
"38","Jun 2003","Warner Bros. Pictures","43","2534.1"
"38","Jun 2003","20th Century Fox","38","2104.2"
"38","Jun 2003","Universal Pictures","35","2813.6"
"38","Jun 2003","Walt Disney Pictures","7","460.9"
"38","Jun 2003","Paramount Pictures","38","2022.2"
"38","Jun 2003","Sony Pictures","5","383.0"
"38","Jun 2003","New Line Cinema","33","1850.9"
"38","Jun 2003","Columbia Pictures","36","1869.5"
"38","Jun 2003","Buena Vista","4","288.4"
"38","Jun 2003","Lionsgate Films","0","0"
"39","Jul 2003","Warner Bros. Pictures","44","2684.4"
"39","Jul 2003","20th Century Fox","39","2170.5"
"39","Jul 2003","Universal Pictures","37","2961.7"
"39","Jul 2003","Walt Disney Pictures","7","460.9"
"39","Jul 2003","Paramount Pictures","39","2087.9"
"39","Jul 2003","Sony Pictures","5","383.0"
"39","Jul 2003","New Line Cinema","34","1865.0"
"39","Jul 2003","Columbia Pictures","36","1869.5"
"39","Jul 2003","Buena Vista","4","288.4"
"39","Jul 2003","Lionsgate Films","0","0"
"40","Aug 2003","Warner Bros. Pictures","45","2689.5"
"40","Aug 2003","20th Century Fox","39","2170.5"
"40","Aug 2003","Universal Pictures","38","3066.1"
"40","Aug 2003","Walt Disney Pictures","7","460.9"
"40","Aug 2003","Paramount Pictures","40","2089.4"
"40","Aug 2003","Sony Pictures","5","383.0"
"40","Aug 2003","New Line Cinema","35","1947.2"
"40","Aug 2003","Columbia Pictures","38","2008.1"
"40","Aug 2003","Buena Vista","4","288.4"
"40","Aug 2003","Lionsgate Films","0","0"
"41","Sep 2003","Warner Bros. Pictures","46","2726.4"
"41","Sep 2003","20th Century Fox","40","2178.0"
"41","Sep 2003","Universal Pictures","39","3113.7"
"41","Sep 2003","Walt Disney Pictures","7","460.9"
"41","Sep 2003","Paramount Pictures","42","2142.3"
"41","Sep 2003","Sony Pictures","5","383.0"
"41","Sep 2003","New Line Cinema","36","1988.6"
"41","Sep 2003","Columbia Pictures","38","2008.1"
"41","Sep 2003","Buena Vista","4","288.4"
"41","Sep 2003","Lionsgate Films","0","0"
"42","Oct 2003","Warner Bros. Pictures","46","2726.4"
"42","Oct 2003","20th Century Fox","40","2178.0"
"42","Oct 2003","Universal Pictures","40","3148.8"
"42","Oct 2003","Walt Disney Pictures","7","460.9"
"42","Oct 2003","Paramount Pictures","44","2227.9"
"42","Oct 2003","Sony Pictures","6","387.7"
"42","Oct 2003","New Line Cinema","37","2068.7"
"42","Oct 2003","Columbia Pictures","38","2008.1"
"42","Oct 2003","Buena Vista","4","288.4"
"42","Oct 2003","Lionsgate Films","0","0"
"43","Nov 2003","Warner Bros. Pictures","49","2945.9"
"43","Nov 2003","20th Century Fox","41","2271.9"
"43","Nov 2003","Universal Pictures","42","3308.6"
"43","Nov 2003","Walt Disney Pictures","7","460.9"
"43","Nov 2003","Paramount Pictures","46","2254.9"
"43","Nov 2003","Sony Pictures","6","387.7"
"43","Nov 2003","New Line Cinema","38","2242.1"
"43","Nov 2003","Columbia Pictures","38","2008.1"
"43","Nov 2003","Buena Vista","4","288.4"
"43","Nov 2003","Lionsgate Films","0","0"
"44","Dec 2003","Warner Bros. Pictures","50","3057.0"
"44","Dec 2003","20th Century Fox","42","2410.4"
"44","Dec 2003","Universal Pictures","44","3387.2"
"44","Dec 2003","Walt Disney Pictures","7","460.9"
"44","Dec 2003","Paramount Pictures","47","2308.6"
"44","Dec 2003","Sony Pictures","7","512.3"
"44","Dec 2003","New Line Cinema","39","2619.1"
"44","Dec 2003","Columbia Pictures","38","2008.1"
"44","Dec 2003","Buena Vista","4","288.4"
"44","Dec 2003","Lionsgate Films","0","0"
"45","Jan 2004","Warner Bros. Pictures","52","3084.4"
"45","Jan 2004","20th Century Fox","42","2410.4"
"45","Jan 2004","Universal Pictures","46","3491.3"
"45","Jan 2004","Walt Disney Pictures","7","460.9"
"45","Jan 2004","Paramount Pictures","48","2318.9"
"45","Jan 2004","Sony Pictures","8","578.6"
"45","Jan 2004","New Line Cinema","40","2676.8"
"45","Jan 2004","Columbia Pictures","38","2008.1"
"45","Jan 2004","Buena Vista","4","288.4"
"45","Jan 2004","Lionsgate Films","0","0"
"46","Feb 2004","Warner Bros. Pictures","52","3084.4"
"46","Feb 2004","20th Century Fox","44","2441.1"
"46","Feb 2004","Universal Pictures","46","3491.3"
"46","Feb 2004","Walt Disney Pictures","7","460.9"
"46","Feb 2004","Paramount Pictures","50","2349.6"
"46","Feb 2004","Sony Pictures","9","699.4"
"46","Feb 2004","New Line Cinema","41","2677.1"
"46","Feb 2004","Columbia Pictures","38","2008.1"
"46","Feb 2004","Buena Vista","4","288.4"
"46","Feb 2004","Lionsgate Films","0","0"
"47","Mar 2004","Warner Bros. Pictures","56","3280.8"
"47","Mar 2004","20th Century Fox","44","2441.1"
"47","Mar 2004","Universal Pictures","47","3550.2"
"47","Mar 2004","Walt Disney Pictures","7","460.9"
"47","Mar 2004","Paramount Pictures","50","2349.6"
"47","Mar 2004","Sony Pictures","9","699.4"
"47","Mar 2004","New Line Cinema","41","2677.1"
"47","Mar 2004","Columbia Pictures","39","2055.9"
"47","Mar 2004","Buena Vista","4","288.4"
"47","Mar 2004","Lionsgate Films","0","0"
"48","Apr 2004","Warner Bros. Pictures","57","3283.6"
"48","Apr 2004","20th Century Fox","46","2533.3"
"48","Apr 2004","Universal Pictures","48","3558.2"
"48","Apr 2004","Walt Disney Pictures","8","510.8"
"48","Apr 2004","Paramount Pictures","52","2463.7"
"48","Apr 2004","Sony Pictures","11","814.4"
"48","Apr 2004","New Line Cinema","41","2677.1"
"48","Apr 2004","Columbia Pictures","39","2055.9"
"48","Apr 2004","Buena Vista","4","288.4"
"48","Apr 2004","Lionsgate Films","0","0"
"49","May 2004","Warner Bros. Pictures","58","3416.7"
"49","May 2004","20th Century Fox","47","2719.9"
"49","May 2004","Universal Pictures","48","3558.2"
"49","May 2004","Walt Disney Pictures","8","510.8"
"49","May 2004","Paramount Pictures","52","2463.7"
"49","May 2004","Sony Pictures","11","814.4"
"49","May 2004","New Line Cinema","41","2677.1"
"49","May 2004","Columbia Pictures","39","2055.9"
"49","May 2004","Buena Vista","4","288.4"
"49","May 2004","Lionsgate Films","0","0"
"50","Jun 2004","Warner Bros. Pictures","59","3666.1"
"50","Jun 2004","20th Century Fox","49","2909.4"
"50","Jun 2004","Universal Pictures","49","3615.0"
"50","Jun 2004","Walt Disney Pictures","8","510.8"
"50","Jun 2004","Paramount Pictures","53","2523.0"
"50","Jun 2004","Sony Pictures","12","1187.8"
"50","Jun 2004","New Line Cinema","41","2677.1"
"50","Jun 2004","Columbia Pictures","40","2125.0"
"50","Jun 2004","Buena Vista","4","288.4"
"50","Jun 2004","Lionsgate Films","0","0"
"51","Jul 2004","Warner Bros. Pictures","61","3757.7"
"51","Jul 2004","20th Century Fox","49","2909.4"
"51","Jul 2004","Universal Pictures","51","3797.8"
"51","Jul 2004","Walt Disney Pictures","8","510.8"
"51","Jul 2004","Paramount Pictures","54","2588.7"
"51","Jul 2004","Sony Pictures","12","1187.8"
"51","Jul 2004","New Line Cinema","42","2695.3"
"51","Jul 2004","Columbia Pictures","40","2125.0"
"51","Jul 2004","Buena Vista","5","402.6"
"51","Jul 2004","Lionsgate Films","0","0"
"52","Aug 2004","Warner Bros. Pictures","63","3819.2"
"52","Aug 2004","20th Century Fox","50","2989.6"
"52","Aug 2004","Universal Pictures","51","3797.8"
"52","Aug 2004","Walt Disney Pictures","8","510.8"
"52","Aug 2004","Paramount Pictures","57","2755.5"
"52","Aug 2004","Sony Pictures","13","1208.2"
"52","Aug 2004","New Line Cinema","43","2701.8"
"52","Aug 2004","Columbia Pictures","40","2125.0"
"52","Aug 2004","Buena Vista","5","402.6"
"52","Aug 2004","Lionsgate Films","0","0"
"53","Sep 2004","Warner Bros. Pictures","64","3819.9"
"53","Sep 2004","20th Century Fox","52","3014.2"
"53","Sep 2004","Universal Pictures","52","3814.6"
"53","Sep 2004","Walt Disney Pictures","8","510.8"
"53","Sep 2004","Paramount Pictures","57","2755.5"
"53","Sep 2004","Sony Pictures","15","1325.5"
"53","Sep 2004","New Line Cinema","44","2733.8"
"53","Sep 2004","Columbia Pictures","40","2125.0"
"53","Sep 2004","Buena Vista","5","402.6"
"53","Sep 2004","Lionsgate Films","0","0"
"54","Oct 2004","Warner Bros. Pictures","64","3819.9"
"54","Oct 2004","20th Century Fox","53","3050.7"
"54","Oct 2004","Universal Pictures","54","3950.4"
"54","Oct 2004","Walt Disney Pictures","8","510.8"
"54","Oct 2004","Paramount Pictures","58","2788.2"
"54","Oct 2004","Sony Pictures","15","1325.5"
"54","Oct 2004","New Line Cinema","46","2749.2"
"54","Oct 2004","Columbia Pictures","40","2125.0"
"54","Oct 2004","Buena Vista","5","402.6"
"54","Oct 2004","Lionsgate Films","0","0"
"55","Nov 2004","Warner Bros. Pictures","66","3854.7"
"55","Nov 2004","20th Century Fox","53","3050.7"
"55","Nov 2004","Universal Pictures","54","3950.4"
"55","Nov 2004","Walt Disney Pictures","8","510.8"
"55","Nov 2004","Paramount Pictures","60","2887.0"
"55","Nov 2004","Sony Pictures","16","1399.2"
"55","Nov 2004","New Line Cinema","47","2777.5"
"55","Nov 2004","Columbia Pictures","40","2125.0"
"55","Nov 2004","Buena Vista","6","575.6"
"55","Nov 2004","Lionsgate Films","0","0"
"56","Dec 2004","Warner Bros. Pictures","68","4031.3"
"56","Dec 2004","20th Century Fox","55","3119.6"
"56","Dec 2004","Universal Pictures","55","4229.6"
"56","Dec 2004","Walt Disney Pictures","8","510.8"
"56","Dec 2004","Paramount Pictures","61","3005.5"
"56","Dec 2004","Sony Pictures","17","1433.2"
"56","Dec 2004","New Line Cinema","48","2829.9"
"56","Dec 2004","Columbia Pictures","40","2125.0"
"56","Dec 2004","Buena Vista","6","575.6"
"56","Dec 2004","Lionsgate Films","0","0"
"57","Jan 2005","Warner Bros. Pictures","71","4187.1"
"57","Jan 2005","20th Century Fox","57","3194.9"
"57","Jan 2005","Universal Pictures","57","4331.0"
"57","Jan 2005","Walt Disney Pictures","8","510.8"
"57","Jan 2005","Paramount Pictures","62","3072.7"
"57","Jan 2005","Sony Pictures","18","1515.5"
"57","Jan 2005","New Line Cinema","48","2829.9"
"57","Jan 2005","Columbia Pictures","40","2125.0"
"57","Jan 2005","Buena Vista","6","575.6"
"57","Jan 2005","Lionsgate Films","0","0"
"58","Feb 2005","Warner Bros. Pictures","72","4262.6"
"58","Feb 2005","20th Century Fox","58","3227.5"
"58","Feb 2005","Universal Pictures","58","4363.0"
"58","Feb 2005","Walt Disney Pictures","8","510.8"
"58","Feb 2005","Paramount Pictures","62","3072.7"
"58","Feb 2005","Sony Pictures","19","1693.1"
"58","Feb 2005","New Line Cinema","49","2846.9"
"58","Feb 2005","Columbia Pictures","41","2144.1"
"58","Feb 2005","Buena Vista","7","593.6"
"58","Feb 2005","Lionsgate Films","0","0"
"59","Mar 2005","Warner Bros. Pictures","72","4262.6"
"59","Mar 2005","20th Century Fox","59","3355.6"
"59","Mar 2005","Universal Pictures","58","4363.0"
"59","Mar 2005","Walt Disney Pictures","8","510.8"
"59","Mar 2005","Paramount Pictures","62","3072.7"
"59","Mar 2005","Sony Pictures","20","1761.1"
"59","Mar 2005","New Line Cinema","49","2846.9"
"59","Mar 2005","Columbia Pictures","41","2144.1"
"59","Mar 2005","Buena Vista","8","706.6"
"59","Mar 2005","Lionsgate Films","0","0"
"60","Apr 2005","Warner Bros. Pictures","72","4262.6"
"60","Apr 2005","20th Century Fox","60","3397.6"
"60","Apr 2005","Universal Pictures","59","4435.5"
"60","Apr 2005","Walt Disney Pictures","8","510.8"
"60","Apr 2005","Paramount Pictures","63","3141.3"
"60","Apr 2005","Sony Pictures","21","1787.2"
"60","Apr 2005","New Line Cinema","50","2865.6"
"60","Apr 2005","Columbia Pictures","41","2144.1"
"60","Apr 2005","Buena Vista","8","706.6"
"60","Apr 2005","Lionsgate Films","0","0"
"61","May 2005","Warner Bros. Pictures","74","4295.4"
"61","May 2005","20th Century Fox","62","3825.1"
"61","May 2005","Universal Pictures","60","4488.1"
"61","May 2005","Walt Disney Pictures","8","510.8"
"61","May 2005","Paramount Pictures","64","3299.3"
"61","May 2005","Sony Pictures","21","1787.2"
"61","May 2005","New Line Cinema","51","2948.4"
"61","May 2005","Columbia Pictures","41","2144.1"
"61","May 2005","Buena Vista","8","706.6"
"61","May 2005","Lionsgate Films","0","0"
"62","Jun 2005","Warner Bros. Pictures","76","4544.1"
"62","Jun 2005","20th Century Fox","63","4011.2"
"62","Jun 2005","Universal Pictures","63","4586.3"
"62","Jun 2005","Walt Disney Pictures","8","510.8"
"62","Jun 2005","Paramount Pictures","66","3546.2"
"62","Jun 2005","Sony Pictures","21","1787.2"
"62","Jun 2005","New Line Cinema","51","2948.4"
"62","Jun 2005","Columbia Pictures","42","2206.4"
"62","Jun 2005","Buena Vista","9","772.5"
"62","Jun 2005","Lionsgate Films","0","0"
"63","Jul 2005","Warner Bros. Pictures","78","4794.3"
"63","Jul 2005","20th Century Fox","65","4182.4"
"63","Jul 2005","Universal Pictures","63","4586.3"
"63","Jul 2005","Walt Disney Pictures","8","510.8"
"63","Jul 2005","Paramount Pictures","66","3546.2"
"63","Jul 2005","Sony Pictures","21","1787.2"
"63","Jul 2005","New Line Cinema","52","3157.6"
"63","Jul 2005","Columbia Pictures","43","2238.1"
"63","Jul 2005","Buena Vista","11","861.8"
"63","Jul 2005","Lionsgate Films","0","0"
"64","Aug 2005","Warner Bros. Pictures","79","4874.5"
"64","Aug 2005","20th Century Fox","66","4185.4"
"64","Aug 2005","Universal Pictures","65","4743.2"
"64","Aug 2005","Walt Disney Pictures","8","510.8"
"64","Aug 2005","Paramount Pictures","66","3546.2"
"64","Aug 2005","Sony Pictures","21","1787.2"
"64","Aug 2005","New Line Cinema","52","3157.6"
"64","Aug 2005","Columbia Pictures","43","2238.1"
"64","Aug 2005","Buena Vista","12","881.2"
"64","Aug 2005","Lionsgate Films","0","0"
"65","Sep 2005","Warner Bros. Pictures","80","4927.8"
"65","Sep 2005","20th Century Fox","66","4185.4"
"65","Sep 2005","Universal Pictures","66","4768.5"
"65","Sep 2005","Walt Disney Pictures","8","510.8"
"65","Sep 2005","Paramount Pictures","66","3546.2"
"65","Sep 2005","Sony Pictures","22","1805.7"
"65","Sep 2005","New Line Cinema","54","3197.3"
"65","Sep 2005","Columbia Pictures","43","2238.1"
"65","Sep 2005","Buena Vista","12","881.2"
"65","Sep 2005","Lionsgate Films","0","0"
"66","Oct 2005","Warner Bros. Pictures","81","4946.1"
"66","Oct 2005","20th Century Fox","68","4221.5"
"66","Oct 2005","Universal Pictures","69","4842.1"
"66","Oct 2005","Walt Disney Pictures","8","510.8"
"66","Oct 2005","Paramount Pictures","68","3585.5"
"66","Oct 2005","Sony Pictures","22","1805.7"
"66","Oct 2005","New Line Cinema","54","3197.3"
"66","Oct 2005","Columbia Pictures","43","2238.1"
"66","Oct 2005","Buena Vista","12","881.2"
"66","Oct 2005","Lionsgate Films","0","0"
"67","Nov 2005","Warner Bros. Pictures","83","5240.3"
"67","Nov 2005","20th Century Fox","69","4340.8"
"67","Nov 2005","Universal Pictures","70","4904.7"
"67","Nov 2005","Walt Disney Pictures","8","510.8"
"67","Nov 2005","Paramount Pictures","70","3669.8"
"67","Nov 2005","Sony Pictures","24","1862.8"
"67","Nov 2005","New Line Cinema","55","3229.9"
"67","Nov 2005","Columbia Pictures","43","2238.1"
"67","Nov 2005","Buena Vista","12","881.2"
"67","Nov 2005","Lionsgate Films","0","0"
"68","Dec 2005","Warner Bros. Pictures","85","5333.8"
"68","Dec 2005","20th Century Fox","70","4423.3"
"68","Dec 2005","Universal Pictures","73","5142.7"
"68","Dec 2005","Walt Disney Pictures","8","510.8"
"68","Dec 2005","Paramount Pictures","71","3695.7"
"68","Dec 2005","Sony Pictures","25","1919.8"
"68","Dec 2005","New Line Cinema","55","3229.9"
"68","Dec 2005","Columbia Pictures","44","2348.4"
"68","Dec 2005","Buena Vista","13","1172.9"
"68","Dec 2005","Lionsgate Films","0","0"
"69","Jan 2006","Warner Bros. Pictures","85","5333.8"
"69","Jan 2006","20th Century Fox","74","4514.3"
"69","Jan 2006","Universal Pictures","75","5237.2"
"69","Jan 2006","Walt Disney Pictures","9","527.6"
"69","Jan 2006","Paramount Pictures","72","3734.1"
"69","Jan 2006","Sony Pictures","25","1919.8"
"69","Jan 2006","New Line Cinema","56","3242.4"
"69","Jan 2006","Columbia Pictures","44","2348.4"
"69","Jan 2006","Buena Vista","14","1182.9"
"69","Jan 2006","Lionsgate Films","0","0"
"70","Feb 2006","Warner Bros. Pictures","85","5333.8"
"70","Feb 2006","20th Century Fox","75","4562.8"
"70","Feb 2006","Universal Pictures","76","5295.5"
"70","Feb 2006","Walt Disney Pictures","9","527.6"
"70","Feb 2006","Paramount Pictures","72","3734.1"
"70","Feb 2006","Sony Pictures","26","1920.2"
"70","Feb 2006","New Line Cinema","58","3303.2"
"70","Feb 2006","Columbia Pictures","44","2348.4"
"70","Feb 2006","Buena Vista","14","1182.9"
"70","Feb 2006","Lionsgate Films","0","0"
"71","Mar 2006","Warner Bros. Pictures","87","5446.3"
"71","Mar 2006","20th Century Fox","77","4776.7"
"71","Mar 2006","Universal Pictures","78","5391.7"
"71","Mar 2006","Walt Disney Pictures","9","527.6"
"71","Mar 2006","Paramount Pictures","73","3822.8"
"71","Mar 2006","Sony Pictures","28","1944.4"
"71","Mar 2006","New Line Cinema","58","3303.2"
"71","Mar 2006","Columbia Pictures","44","2348.4"
"71","Mar 2006","Buena Vista","16","1266.9"
"71","Mar 2006","Lionsgate Films","0","0"
"72","Apr 2006","Warner Bros. Pictures","87","5446.3"
"72","Apr 2006","20th Century Fox","78","4812.9"
"72","Apr 2006","Universal Pictures","80","5430.4"
"72","Apr 2006","Walt Disney Pictures","9","527.6"
"72","Apr 2006","Paramount Pictures","74","3823.4"
"72","Apr 2006","Sony Pictures","29","1991.4"
"72","Apr 2006","New Line Cinema","59","3337.9"
"72","Apr 2006","Columbia Pictures","45","2419.8"
"72","Apr 2006","Buena Vista","18","1331.1"
"72","Apr 2006","Lionsgate Films","0","0"
"73","May 2006","Warner Bros. Pictures","88","5507.0"
"73","May 2006","20th Century Fox","80","5064.3"
"73","May 2006","Universal Pictures","80","5430.4"
"73","May 2006","Walt Disney Pictures","9","527.6"
"73","May 2006","Paramount Pictures","75","3956.8"
"73","May 2006","Sony Pictures","30","2208.9"
"73","May 2006","New Line Cinema","60","3346.0"
"73","May 2006","Columbia Pictures","45","2419.8"
"73","May 2006","Buena Vista","18","1331.1"
"73","May 2006","Lionsgate Films","1","15"
"74","Jun 2006","Warner Bros. Pictures","90","5759.3"
"74","Jun 2006","20th Century Fox","83","5271.9"
"74","Jun 2006","Universal Pictures","82","5611.6"
"74","Jun 2006","Walt Disney Pictures","9","527.6"
"74","Jun 2006","Paramount Pictures","76","4037.0"
"74","Jun 2006","Sony Pictures","30","2208.9"
"74","Jun 2006","New Line Cinema","60","3346.0"
"74","Jun 2006","Columbia Pictures","45","2419.8"
"74","Jun 2006","Buena Vista","19","1575.2"
"74","Jun 2006","Lionsgate Films","1","15"
"75","Jul 2006","Warner Bros. Pictures","92","5829.6"
"75","Jul 2006","20th Century Fox","85","5335.2"
"75","Jul 2006","Universal Pictures","84","5750.6"
"75","Jul 2006","Walt Disney Pictures","9","527.6"
"75","Jul 2006","Paramount Pictures","76","4037.0"
"75","Jul 2006","Sony Pictures","30","2208.9"
"75","Jul 2006","New Line Cinema","60","3346.0"
"75","Jul 2006","Columbia Pictures","45","2419.8"
"75","Jul 2006","Buena Vista","20","1998.2"
"75","Jul 2006","Lionsgate Films","1","15"
"76","Aug 2006","Warner Bros. Pictures","93","5848.6"
"76","Aug 2006","20th Century Fox","85","5335.2"
"76","Aug 2006","Universal Pictures","86","5799.4"
"76","Aug 2006","Walt Disney Pictures","9","527.6"
"76","Aug 2006","Paramount Pictures","78","4179.8"
"76","Aug 2006","Sony Pictures","30","2208.9"
"76","Aug 2006","New Line Cinema","63","3449.9"
"76","Aug 2006","Columbia Pictures","45","2419.8"
"76","Aug 2006","Buena Vista","22","2121.3"
"76","Aug 2006","Lionsgate Films","1","15"
"77","Sep 2006","Warner Bros. Pictures","93","5848.6"
"77","Sep 2006","20th Century Fox","86","5349.7"
"77","Sep 2006","Universal Pictures","87","5821.9"
"77","Sep 2006","Walt Disney Pictures","9","527.6"
"77","Sep 2006","Paramount Pictures","79","4180.0"
"77","Sep 2006","Sony Pictures","32","2331.6"
"77","Sep 2006","New Line Cinema","63","3449.9"
"77","Sep 2006","Columbia Pictures","45","2419.8"
"77","Sep 2006","Buena Vista","22","2121.3"
"77","Sep 2006","Lionsgate Films","1","15"
"78","Oct 2006","Warner Bros. Pictures","94","5980.9"
"78","Oct 2006","20th Century Fox","88","5389.3"
"78","Oct 2006","Universal Pictures","88","5859.3"
"78","Oct 2006","Walt Disney Pictures","9","527.6"
"78","Oct 2006","Paramount Pictures","79","4180.0"
"78","Oct 2006","Sony Pictures","34","2354.4"
"78","Oct 2006","New Line Cinema","64","3489.3"
"78","Oct 2006","Columbia Pictures","45","2419.8"
"78","Oct 2006","Buena Vista","22","2121.3"
"78","Oct 2006","Lionsgate Films","2","95.2"
"79","Nov 2006","Warner Bros. Pictures","96","6188.8"
"79","Nov 2006","20th Century Fox","91","5560.2"
"79","Nov 2006","Universal Pictures","89","5864.8"
"79","Nov 2006","Walt Disney Pictures","9","527.6"
"79","Nov 2006","Paramount Pictures","79","4180.0"
"79","Nov 2006","Sony Pictures","35","2394.5"
"79","Nov 2006","New Line Cinema","66","3502.8"
"79","Nov 2006","Columbia Pictures","45","2419.8"
"79","Nov 2006","Buena Vista","24","2269.6"
"79","Nov 2006","Lionsgate Films","2","95.2"
"80","Dec 2006","Warner Bros. Pictures","98","6289.6"
"80","Dec 2006","20th Century Fox","92","5811.0"
"80","Dec 2006","Universal Pictures","90","5924.6"
"80","Dec 2006","Walt Disney Pictures","9","527.6"
"80","Dec 2006","Paramount Pictures","80","4262.1"
"80","Dec 2006","Sony Pictures","37","2620.3"
"80","Dec 2006","New Line Cinema","67","3540.4"
"80","Dec 2006","Columbia Pictures","45","2419.8"
"80","Dec 2006","Buena Vista","25","2320.4"
"80","Dec 2006","Lionsgate Films","3","96.2"
"81","Jan 2007","Warner Bros. Pictures","99","6290.5"
"81","Jan 2007","20th Century Fox","95","5852.0"
"81","Jan 2007","Universal Pictures","92","5995.5"
"81","Jan 2007","Walt Disney Pictures","9","527.6"
"81","Jan 2007","Paramount Pictures","81","4298.6"
"81","Jan 2007","Sony Pictures","37","2620.3"
"81","Jan 2007","New Line Cinema","68","3548.5"
"81","Jan 2007","Columbia Pictures","45","2419.8"
"81","Jan 2007","Buena Vista","25","2320.4"
"81","Jan 2007","Lionsgate Films","3","96.2"
"82","Feb 2007","Warner Bros. Pictures","101","6354.7"
"82","Feb 2007","20th Century Fox","96","5872.3"
"82","Feb 2007","Universal Pictures","93","6038.1"
"82","Feb 2007","Walt Disney Pictures","9","527.6"
"82","Feb 2007","Paramount Pictures","81","4298.6"
"82","Feb 2007","Sony Pictures","38","2736.1"
"82","Feb 2007","New Line Cinema","68","3548.5"
"82","Feb 2007","Columbia Pictures","45","2419.8"
"82","Feb 2007","Buena Vista","26","2402.6"
"82","Feb 2007","Lionsgate Films","4","127.5"
"83","Mar 2007","Warner Bros. Pictures","103","6619.4"
"83","Mar 2007","20th Century Fox","96","5872.3"
"83","Mar 2007","Universal Pictures","94","6054.6"
"83","Mar 2007","Walt Disney Pictures","9","527.6"
"83","Mar 2007","Paramount Pictures","84","4496.8"
"83","Mar 2007","Sony Pictures","39","2755.8"
"83","Mar 2007","New Line Cinema","69","3569.9"
"83","Mar 2007","Columbia Pictures","45","2419.8"
"83","Mar 2007","Buena Vista","28","2668.5"
"83","Mar 2007","Lionsgate Films","4","127.5"
"84","Apr 2007","Warner Bros. Pictures","105","6655.5"
"84","Apr 2007","20th Century Fox","98","5896.4"
"84","Apr 2007","Universal Pictures","94","6054.6"
"84","Apr 2007","Walt Disney Pictures","9","527.6"
"84","Apr 2007","Paramount Pictures","85","4514.8"
"84","Apr 2007","Sony Pictures","41","2829.5"
"84","Apr 2007","New Line Cinema","69","3569.9"
"84","Apr 2007","Columbia Pictures","45","2419.8"
"84","Apr 2007","Buena Vista","29","2689.0"
"84","Apr 2007","Lionsgate Films","5","134.8"
"85","May 2007","Warner Bros. Pictures","106","6661.2"
"85","May 2007","20th Century Fox","98","5896.4"
"85","May 2007","Universal Pictures","95","6073.5"
"85","May 2007","Walt Disney Pictures","9","527.6"
"85","May 2007","Paramount Pictures","85","4514.8"
"85","May 2007","Sony Pictures","42","3166.0"
"85","May 2007","New Line Cinema","69","3569.9"
"85","May 2007","Columbia Pictures","45","2419.8"
"85","May 2007","Buena Vista","30","2998.4"
"85","May 2007","Lionsgate Films","6","141.8"
"86","Jun 2007","Warner Bros. Pictures","108","6803.8"
"86","Jun 2007","20th Century Fox","100","6162.7"
"86","Jun 2007","Universal Pictures","96","6173.8"
"86","Jun 2007","Walt Disney Pictures","9","527.6"
"86","Jun 2007","Paramount Pictures","85","4514.8"
"86","Jun 2007","Sony Pictures","43","3224.9"
"86","Jun 2007","New Line Cinema","69","3569.9"
"86","Jun 2007","Columbia Pictures","45","2419.8"
"86","Jun 2007","Buena Vista","30","2998.4"
"86","Jun 2007","Lionsgate Films","6","141.8"
"87","Jul 2007","Warner Bros. Pictures","111","7182.6"
"87","Jul 2007","20th Century Fox","101","6345.7"
"87","Jul 2007","Universal Pictures","97","6293.5"
"87","Jul 2007","Walt Disney Pictures","9","527.6"
"87","Jul 2007","Paramount Pictures","85","4514.8"
"87","Jul 2007","Sony Pictures","43","3224.9"
"87","Jul 2007","New Line Cinema","70","3688.7"
"87","Jul 2007","Columbia Pictures","45","2419.8"
"87","Jul 2007","Buena Vista","30","2998.4"
"87","Jul 2007","Lionsgate Films","6","141.8"
"88","Aug 2007","Warner Bros. Pictures","111","7182.6"
"88","Aug 2007","20th Century Fox","101","6345.7"
"88","Aug 2007","Universal Pictures","99","6524.0"
"88","Aug 2007","Walt Disney Pictures","9","527.6"
"88","Aug 2007","Paramount Pictures","87","4566.9"
"88","Aug 2007","Sony Pictures","44","3238.1"
"88","Aug 2007","New Line Cinema","71","3828.8"
"88","Aug 2007","Columbia Pictures","45","2419.8"
"88","Aug 2007","Buena Vista","31","3042.1"
"88","Aug 2007","Lionsgate Films","7","145.8"
"89","Sep 2007","Warner Bros. Pictures","112","7219.4"
"89","Sep 2007","20th Century Fox","101","6345.7"
"89","Sep 2007","Universal Pictures","101","6583.2"
"89","Sep 2007","Walt Disney Pictures","9","527.6"
"89","Sep 2007","Paramount Pictures","87","4566.9"
"89","Sep 2007","Sony Pictures","45","3288.7"
"89","Sep 2007","New Line Cinema","73","3867.3"
"89","Sep 2007","Columbia Pictures","45","2419.8"
"89","Sep 2007","Buena Vista","32","3132.6"
"89","Sep 2007","Lionsgate Films","9","234.4"
"90","Oct 2007","Warner Bros. Pictures","114","7272.2"
"90","Oct 2007","20th Century Fox","101","6345.7"
"90","Oct 2007","Universal Pictures","102","6599.5"
"90","Oct 2007","Walt Disney Pictures","9","527.6"
"90","Oct 2007","Paramount Pictures","88","4603.7"
"90","Oct 2007","Sony Pictures","45","3288.7"
"90","Oct 2007","New Line Cinema","74","3877.0"
"90","Oct 2007","Columbia Pictures","45","2419.8"
"90","Oct 2007","Buena Vista","33","3180.2"
"90","Oct 2007","Lionsgate Films","10","297.7"
"91","Nov 2007","Warner Bros. Pictures","116","7375.7"
"91","Nov 2007","20th Century Fox","102","6377.6"
"91","Nov 2007","Universal Pictures","103","6729.6"
"91","Nov 2007","Walt Disney Pictures","10","655.3"
"91","Nov 2007","Paramount Pictures","90","4812.5"
"91","Nov 2007","Sony Pictures","46","3337.8"
"91","Nov 2007","New Line Cinema","76","3889.1"
"91","Nov 2007","Columbia Pictures","45","2419.8"
"91","Nov 2007","Buena Vista","33","3180.2"
"91","Nov 2007","Lionsgate Films","10","297.7"
"92","Dec 2007","Warner Bros. Pictures","117","7632.0"
"92","Dec 2007","20th Century Fox","104","6636.5"
"92","Dec 2007","Universal Pictures","104","6796.2"
"92","Dec 2007","Walt Disney Pictures","10","655.3"
"92","Dec 2007","Paramount Pictures","90","4812.5"
"92","Dec 2007","Sony Pictures","46","3337.8"
"92","Dec 2007","New Line Cinema","77","3959.2"
"92","Dec 2007","Columbia Pictures","45","2419.8"
"92","Dec 2007","Buena Vista","33","3180.2"
"92","Dec 2007","Lionsgate Films","10","297.7"
"93","Jan 2008","Warner Bros. Pictures","119","7752.3"
"93","Jan 2008","20th Century Fox","106","6751.5"
"93","Jan 2008","Universal Pictures","105","6808.9"
"93","Jan 2008","Walt Disney Pictures","10","655.3"
"93","Jan 2008","Paramount Pictures","90","4812.5"
"93","Jan 2008","Sony Pictures","46","3337.8"
"93","Jan 2008","New Line Cinema","77","3959.2"
"93","Jan 2008","Columbia Pictures","45","2419.8"
"93","Jan 2008","Buena Vista","33","3180.2"
"93","Jan 2008","Lionsgate Films","10","297.7"
"94","Feb 2008","Warner Bros. Pictures","120","7822.5"
"94","Feb 2008","20th Century Fox","107","6831.6"
"94","Feb 2008","Universal Pictures","107","6883.1"
"94","Feb 2008","Walt Disney Pictures","10","655.3"
"94","Feb 2008","Paramount Pictures","91","4883.6"
"94","Feb 2008","Sony Pictures","46","3337.8"
"94","Feb 2008","New Line Cinema","81","4011.6"
"94","Feb 2008","Columbia Pictures","45","2419.8"
"94","Feb 2008","Buena Vista","33","3180.2"
"94","Feb 2008","Lionsgate Films","11","329.1"
"95","Mar 2008","Warner Bros. Pictures","121","7917.3"
"95","Mar 2008","20th Century Fox","109","7011.9"
"95","Mar 2008","Universal Pictures","108","6894.1"
"95","Mar 2008","Walt Disney Pictures","10","655.3"
"95","Mar 2008","Paramount Pictures","93","4927.3"
"95","Mar 2008","Sony Pictures","46","3337.8"
"95","Mar 2008","New Line Cinema","81","4011.6"
"95","Mar 2008","Columbia Pictures","45","2419.8"
"95","Mar 2008","Buena Vista","34","3225.8"
"95","Mar 2008","Lionsgate Films","12","371.0"
"96","Apr 2008","Warner Bros. Pictures","122","7955.4"
"96","Apr 2008","20th Century Fox","110","7016.5"
"96","Apr 2008","Universal Pictures","111","7048.5"
"96","Apr 2008","Walt Disney Pictures","10","655.3"
"96","Apr 2008","Paramount Pictures","93","4927.3"
"96","Apr 2008","Sony Pictures","46","3337.8"
"96","Apr 2008","New Line Cinema","81","4011.6"
"96","Apr 2008","Columbia Pictures","45","2419.8"
"96","Apr 2008","Buena Vista","34","3225.8"
"96","Apr 2008","Lionsgate Films","12","371.0"
"97","May 2008","Warner Bros. Pictures","124","8151.9"
"97","May 2008","20th Century Fox","111","7096.7"
"97","May 2008","Universal Pictures","112","7101.0"
"97","May 2008","Walt Disney Pictures","11","796.9"
"97","May 2008","Paramount Pictures","95","5562.6"
"97","May 2008","Sony Pictures","46","3337.8"
"97","May 2008","New Line Cinema","81","4011.6"
"97","May 2008","Columbia Pictures","45","2419.8"
"97","May 2008","Buena Vista","34","3225.8"
"97","May 2008","Lionsgate Films","12","371.0"
"98","Jun 2008","Warner Bros. Pictures","125","8282.1"
"98","Jun 2008","20th Century Fox","112","7161.2"
"98","Jun 2008","Universal Pictures","114","7369.8"
"98","Jun 2008","Walt Disney Pictures","12","1020.6"
"98","Jun 2008","Paramount Pictures","97","5810.2"
"98","Jun 2008","Sony Pictures","47","3437.8"
"98","Jun 2008","New Line Cinema","81","4011.6"
"98","Jun 2008","Columbia Pictures","45","2419.8"
"98","Jun 2008","Buena Vista","34","3225.8"
"98","Jun 2008","Lionsgate Films","12","371.0"
"99","Jul 2008","Warner Bros. Pictures","126","8383.8"
"99","Jul 2008","20th Century Fox","115","7223.5"
"99","Jul 2008","Universal Pictures","116","7589.3"
"99","Jul 2008","Walt Disney Pictures","12","1020.6"
"99","Jul 2008","Paramount Pictures","97","5810.2"
"99","Jul 2008","Sony Pictures","47","3437.8"
"99","Jul 2008","New Line Cinema","81","4011.6"
"99","Jul 2008","Columbia Pictures","47","2748.2"
"99","Jul 2008","Buena Vista","34","3225.8"
"99","Jul 2008","Lionsgate Films","12","371.0"
"100","Aug 2008","Warner Bros. Pictures","128","8462.9"
"100","Aug 2008","20th Century Fox","115","7223.5"
"100","Aug 2008","Universal Pictures","118","7727.0"
"100","Aug 2008","Walt Disney Pictures","12","1020.6"
"100","Aug 2008","Paramount Pictures","97","5810.2"
"100","Aug 2008","Sony Pictures","47","3437.8"
"100","Aug 2008","New Line Cinema","81","4011.6"
"100","Aug 2008","Columbia Pictures","47","2748.2"
"100","Aug 2008","Buena Vista","35","3256.4"
"100","Aug 2008","Lionsgate Films","13","371.0344"
"101","Sep 2008","Warner Bros. Pictures","128","8462.9"
"101","Sep 2008","20th Century Fox","115","7223.5"
"101","Sep 2008","Universal Pictures","118","7727.0"
"101","Sep 2008","Walt Disney Pictures","12","1020.6"
"101","Sep 2008","Paramount Pictures","97","5810.2"
"101","Sep 2008","Sony Pictures","47","3437.8"
"101","Sep 2008","New Line Cinema","81","4011.6"
"101","Sep 2008","Columbia Pictures","47","2748.2"
"101","Sep 2008","Buena Vista","35","3256.4"
"101","Sep 2008","Lionsgate Films","13","371.0344"
"102","Oct 2008","Warner Bros. Pictures","130","8522.5"
"102","Oct 2008","20th Century Fox","116","7264.1"
"102","Oct 2008","Universal Pictures","121","7776.5"
"102","Oct 2008","Walt Disney Pictures","14","1205.6"
"102","Oct 2008","Paramount Pictures","97","5810.2"
"102","Oct 2008","Sony Pictures","47","3437.8"
"102","Oct 2008","New Line Cinema","82","4027.3"
"102","Oct 2008","Columbia Pictures","47","2748.2"
"102","Oct 2008","Buena Vista","35","3256.4"
"102","Oct 2008","Lionsgate Films","14","384.0344"
"103","Nov 2008","Warner Bros. Pictures","130","8522.5"
"103","Nov 2008","20th Century Fox","117","7313.5"
"103","Nov 2008","Universal Pictures","122","7843.8"
"103","Nov 2008","Walt Disney Pictures","15","1319.7"
"103","Nov 2008","Paramount Pictures","97","5810.2"
"103","Nov 2008","Sony Pictures","47","3437.8"
"103","Nov 2008","New Line Cinema","83","4147.4"
"103","Nov 2008","Columbia Pictures","47","2748.2"
"103","Nov 2008","Buena Vista","35","3256.4"
"103","Nov 2008","Lionsgate Films","15","415.3344"
"104","Dec 2008","Warner Bros. Pictures","130","8522.5"
"104","Dec 2008","20th Century Fox","119","7535.7"
"104","Dec 2008","Universal Pictures","123","7894.6"
"104","Dec 2008","Walt Disney Pictures","16","1429.7"
"104","Dec 2008","Paramount Pictures","97","5810.2"
"104","Dec 2008","Sony Pictures","49","3515.9"
"104","Dec 2008","New Line Cinema","83","4147.4"
"104","Dec 2008","Columbia Pictures","47","2748.2"
"104","Dec 2008","Buena Vista","35","3256.4"
"104","Dec 2008","Lionsgate Films","16","435.1344"
"105","Jan 2009","Warner Bros. Pictures","131","8523.4"
"105","Jan 2009","20th Century Fox","120","7594.3"
"105","Jan 2009","Universal Pictures","124","7913.2"
"105","Jan 2009","Walt Disney Pictures","16","1429.7"
"105","Jan 2009","Paramount Pictures","97","5810.2"
"105","Jan 2009","Sony Pictures","49","3515.9"
"105","Jan 2009","New Line Cinema","83","4147.4"
"105","Jan 2009","Columbia Pictures","47","2748.2"
"105","Jan 2009","Buena Vista","35","3256.4"
"105","Jan 2009","Lionsgate Films","18","503.3344"
"106","Feb 2009","Warner Bros. Pictures","131","8523.4"
"106","Feb 2009","20th Century Fox","121","7602.9"
"106","Feb 2009","Universal Pictures","124","7913.2"
"106","Feb 2009","Walt Disney Pictures","16","1429.7"
"106","Feb 2009","Paramount Pictures","97","5810.2"
"106","Feb 2009","Sony Pictures","50","3551.8"
"106","Feb 2009","New Line Cinema","83","4147.4"
"106","Feb 2009","Columbia Pictures","47","2748.2"
"106","Feb 2009","Buena Vista","35","3256.4"
"106","Feb 2009","Lionsgate Films","18","503.3344"
"107","Mar 2009","Warner Bros. Pictures","132","8630.9"
"107","Mar 2009","20th Century Fox","123","7619.6"
"107","Mar 2009","Universal Pictures","125","7953.8"
"107","Mar 2009","Walt Disney Pictures","18","1496.9"
"107","Mar 2009","Paramount Pictures","97","5810.2"
"107","Mar 2009","Sony Pictures","50","3551.8"
"107","Mar 2009","New Line Cinema","83","4147.4"
"107","Mar 2009","Columbia Pictures","47","2748.2"
"107","Mar 2009","Buena Vista","35","3256.4"
"107","Mar 2009","Lionsgate Films","18","503.3344"
"108","Apr 2009","Warner Bros. Pictures","133","8654.9"
"108","Apr 2009","20th Century Fox","124","7629.0"
"108","Apr 2009","Universal Pictures","127","8145.8"
"108","Apr 2009","Walt Disney Pictures","19","1576.4"
"108","Apr 2009","Paramount Pictures","97","5810.2"
"108","Apr 2009","Sony Pictures","50","3551.8"
"108","Apr 2009","New Line Cinema","84","4211.5"
"108","Apr 2009","Columbia Pictures","47","2748.2"
"108","Apr 2009","Buena Vista","35","3256.4"
"108","Apr 2009","Lionsgate Films","18","503.3344"
"109","May 2009","Warner Bros. Pictures","135","8835.4"
"109","May 2009","20th Century Fox","126","7985.8"
"109","May 2009","Universal Pictures","128","8187.9"
"109","May 2009","Walt Disney Pictures","20","1869.4"
"109","May 2009","Paramount Pictures","97","5810.2"
"109","May 2009","Sony Pictures","50","3551.8"
"109","May 2009","New Line Cinema","84","4211.5"
"109","May 2009","Columbia Pictures","47","2748.2"
"109","May 2009","Buena Vista","35","3256.4"
"109","May 2009","Lionsgate Films","18","503.3344"
"110","Jun 2009","Warner Bros. Pictures","137","9161.8"
"110","Jun 2009","20th Century Fox","126","7985.8"
"110","Jun 2009","Universal Pictures","129","8237.3"
"110","Jun 2009","Walt Disney Pictures","21","2033.3"
"110","Jun 2009","Paramount Pictures","97","5810.2"
"110","Jun 2009","Sony Pictures","51","3595.1"
"110","Jun 2009","New Line Cinema","84","4211.5"
"110","Jun 2009","Columbia Pictures","47","2748.2"
"110","Jun 2009","Buena Vista","35","3256.4"
"110","Jun 2009","Lionsgate Films","18","503.3344"
"111","Jul 2009","Warner Bros. Pictures","139","9505.2"
"111","Jul 2009","20th Century Fox","128","8152.0"
"111","Jul 2009","Universal Pictures","131","8349.1"
"111","Jul 2009","Walt Disney Pictures","22","2152.7"
"111","Jul 2009","Paramount Pictures","97","5810.2"
"111","Jul 2009","Sony Pictures","51","3595.1"
"111","Jul 2009","New Line Cinema","84","4211.5"
"111","Jul 2009","Columbia Pictures","47","2748.2"
"111","Jul 2009","Buena Vista","35","3256.4"
"111","Jul 2009","Lionsgate Films","18","503.3344"
"112","Aug 2009","Warner Bros. Pictures","142","9655.9"
"112","Aug 2009","20th Century Fox","128","8152.0"
"112","Aug 2009","Universal Pictures","132","8364.6"
"112","Aug 2009","Walt Disney Pictures","23","2153.5"
"112","Aug 2009","Paramount Pictures","98","5960.4"
"112","Aug 2009","Sony Pictures","51","3595.1"
"112","Aug 2009","New Line Cinema","84","4211.5"
"112","Aug 2009","Columbia Pictures","47","2748.2"
"112","Aug 2009","Buena Vista","35","3256.4"
"112","Aug 2009","Lionsgate Films","18","503.3344"
"113","Sep 2009","Warner Bros. Pictures","144","9699.4"
"113","Sep 2009","20th Century Fox","130","8201.8"
"113","Sep 2009","Universal Pictures","133","8387.5"
"113","Sep 2009","Walt Disney Pictures","23","2153.5"
"113","Sep 2009","Paramount Pictures","98","5960.4"
"113","Sep 2009","Sony Pictures","52","3720.0"
"113","Sep 2009","New Line Cinema","84","4211.5"
"113","Sep 2009","Columbia Pictures","47","2748.2"
"113","Sep 2009","Buena Vista","35","3256.4"
"113","Sep 2009","Lionsgate Films","20","575.5344"
"114","Oct 2009","Warner Bros. Pictures","146","9795.0"
"114","Oct 2009","20th Century Fox","130","8201.8"
"114","Oct 2009","Universal Pictures","135","8510.5"
"114","Oct 2009","Walt Disney Pictures","23","2153.5"
"114","Oct 2009","Paramount Pictures","99","6068.3"
"114","Oct 2009","Sony Pictures","52","3720.0"
"114","Oct 2009","New Line Cinema","84","4211.5"
"114","Oct 2009","Columbia Pictures","47","2748.2"
"114","Oct 2009","Buena Vista","35","3256.4"
"114","Oct 2009","Lionsgate Films","21","576.4344"
"115","Nov 2009","Warner Bros. Pictures","148","10165.4"
"115","Nov 2009","20th Century Fox","131","8222.7"
"115","Nov 2009","Universal Pictures","136","8536.0"
"115","Nov 2009","Walt Disney Pictures","24","2203.0"
"115","Nov 2009","Paramount Pictures","99","6068.3"
"115","Nov 2009","Sony Pictures","52","3720.0"
"115","Nov 2009","New Line Cinema","84","4211.5"
"115","Nov 2009","Columbia Pictures","47","2748.2"
"115","Nov 2009","Buena Vista","35","3256.4"
"115","Nov 2009","Lionsgate Films","22","623.9344"
"116","Dec 2009","Warner Bros. Pictures","149","10202.8"
"116","Dec 2009","20th Century Fox","133","9202.5"
"116","Dec 2009","Universal Pictures","137","8648.7"
"116","Dec 2009","Walt Disney Pictures","25","2307.4"
"116","Dec 2009","Paramount Pictures","100","6152.1"
"116","Dec 2009","Sony Pictures","52","3720.0"
"116","Dec 2009","New Line Cinema","84","4211.5"
"116","Dec 2009","Columbia Pictures","47","2748.2"
"116","Dec 2009","Buena Vista","35","3256.4"
"116","Dec 2009","Lionsgate Films","23","652.4344"
"117","Jan 2010","Warner Bros. Pictures","151","10340.4"
"117","Jan 2010","20th Century Fox","134","9261.1"
"117","Jan 2010","Universal Pictures","137","8648.7"
"117","Jan 2010","Walt Disney Pictures","26","2340.0"
"117","Jan 2010","Paramount Pictures","101","6196.1"
"117","Jan 2010","Sony Pictures","53","3720.1"
"117","Jan 2010","New Line Cinema","84","4211.5"
"117","Jan 2010","Columbia Pictures","47","2748.2"
"117","Jan 2010","Buena Vista","35","3256.4"
"117","Jan 2010","Lionsgate Films","23","652.4344"
"118","Feb 2010","Warner Bros. Pictures","152","10384.4"
"118","Feb 2010","20th Century Fox","135","9347.8"
"118","Feb 2010","Universal Pictures","138","8710.6"
"118","Feb 2010","Walt Disney Pictures","26","2340.0"
"118","Feb 2010","Paramount Pictures","101","6196.1"
"118","Feb 2010","Sony Pictures","53","3720.1"
"118","Feb 2010","New Line Cinema","84","4211.5"
"118","Feb 2010","Columbia Pictures","47","2748.2"
"118","Feb 2010","Buena Vista","35","3256.4"
"118","Feb 2010","Lionsgate Films","24","676.4344"
"119","Mar 2010","Warner Bros. Pictures","152","10384.4"
"119","Mar 2010","20th Century Fox","136","9411.8"
"119","Mar 2010","Universal Pictures","139","8743.7"
"119","Mar 2010","Walt Disney Pictures","27","2659.3"
"119","Mar 2010","Paramount Pictures","101","6196.1"
"119","Mar 2010","Sony Pictures","54","3776.1"
"119","Mar 2010","New Line Cinema","84","4211.5"
"119","Mar 2010","Columbia Pictures","47","2748.2"
"119","Mar 2010","Buena Vista","35","3256.4"
"119","Mar 2010","Lionsgate Films","24","676.4344"
"120","Apr 2010","Warner Bros. Pictures","154","10469.4"
"120","Apr 2010","20th Century Fox","137","9510.5"
"120","Apr 2010","Universal Pictures","139","8743.7"
"120","Apr 2010","Walt Disney Pictures","27","2659.3"
"120","Apr 2010","Paramount Pictures","101","6196.1"
"120","Apr 2010","Sony Pictures","55","3792.1"
"120","Apr 2010","New Line Cinema","84","4211.5"
"120","Apr 2010","Columbia Pictures","47","2748.2"
"120","Apr 2010","Buena Vista","35","3256.4"
"120","Apr 2010","Lionsgate Films","24","676.4344"
"121","May 2010","Warner Bros. Pictures","155","10564.7"
"121","May 2010","20th Century Fox","138","9532.0"
"121","May 2010","Universal Pictures","139","8743.7"
"121","May 2010","Walt Disney Pictures","28","2750.1"
"121","May 2010","Paramount Pictures","101","6196.1"
"121","May 2010","Sony Pictures","55","3792.1"
"121","May 2010","New Line Cinema","84","4211.5"
"121","May 2010","Columbia Pictures","47","2748.2"
"121","May 2010","Buena Vista","35","3256.4"
"121","May 2010","Lionsgate Films","24","676.4344"
"122","Jun 2010","Warner Bros. Pictures","156","10575.2"
"122","Jun 2010","20th Century Fox","141","9719.2"
"122","Jun 2010","Universal Pictures","140","8804.6"
"122","Jun 2010","Walt Disney Pictures","29","3165.1"
"122","Jun 2010","Paramount Pictures","101","6196.1"
"122","Jun 2010","Sony Pictures","57","4130.7"
"122","Jun 2010","New Line Cinema","84","4211.5"
"122","Jun 2010","Columbia Pictures","47","2748.2"
"122","Jun 2010","Buena Vista","35","3256.4"
"122","Jun 2010","Lionsgate Films","25","723.4344"
"123","Jul 2010","Warner Bros. Pictures","158","10911.4"
"123","Jul 2010","20th Century Fox","143","9797.4"
"123","Jul 2010","Universal Pictures","142","9087.2"
"123","Jul 2010","Walt Disney Pictures","29","3165.1"
"123","Jul 2010","Paramount Pictures","102","6327.7"
"123","Jul 2010","Sony Pictures","58","4249.0"
"123","Jul 2010","New Line Cinema","84","4211.5"
"123","Jul 2010","Columbia Pictures","47","2748.2"
"123","Jul 2010","Buena Vista","35","3256.4"
"123","Jul 2010","Lionsgate Films","25","723.4344"
"124","Aug 2010","Warner Bros. Pictures","159","10936.1"
"124","Aug 2010","20th Century Fox","144","9834.1"
"124","Aug 2010","Universal Pictures","143","9118.7"
"124","Aug 2010","Walt Disney Pictures","29","3165.1"
"124","Aug 2010","Paramount Pictures","103","6328.4"
"124","Aug 2010","Sony Pictures","59","4329.6"
"124","Aug 2010","New Line Cinema","84","4211.5"
"124","Aug 2010","Columbia Pictures","48","2867.4"
"124","Aug 2010","Buena Vista","35","3256.4"
"124","Aug 2010","Lionsgate Films","26","826.4344"
"125","Sep 2010","Warner Bros. Pictures","162","11085.8"
"125","Sep 2010","20th Century Fox","146","9913.2"
"125","Sep 2010","Universal Pictures","143","9118.7"
"125","Sep 2010","Walt Disney Pictures","29","3165.1"
"125","Sep 2010","Paramount Pictures","103","6328.4"
"125","Sep 2010","Sony Pictures","59","4329.6"
"125","Sep 2010","New Line Cinema","85","4229.3"
"125","Sep 2010","Columbia Pictures","48","2867.4"
"125","Sep 2010","Buena Vista","35","3256.4"
"125","Sep 2010","Lionsgate Films","27","851.5344"
"126","Oct 2010","Warner Bros. Pictures","164","11171.9"
"126","Oct 2010","20th Century Fox","146","9913.2"
"126","Oct 2010","Universal Pictures","144","9133.3"
"126","Oct 2010","Walt Disney Pictures","31","3224.8331"
"126","Oct 2010","Paramount Pictures","104","6413.1"
"126","Oct 2010","Sony Pictures","59","4329.6"
"126","Oct 2010","New Line Cinema","85","4229.3"
"126","Oct 2010","Columbia Pictures","49","2964.3"
"126","Oct 2010","Buena Vista","35","3256.4"
"126","Oct 2010","Lionsgate Films","27","851.5344"
"127","Nov 2010","Warner Bros. Pictures","166","11567.3"
"127","Nov 2010","20th Century Fox","148","10027.2"
"127","Nov 2010","Universal Pictures","144","9133.3"
"127","Nov 2010","Walt Disney Pictures","32","3425.6331"
"127","Nov 2010","Paramount Pictures","104","6413.1"
"127","Nov 2010","Sony Pictures","59","4329.6"
"127","Nov 2010","New Line Cinema","85","4229.3"
"127","Nov 2010","Columbia Pictures","49","2964.3"
"127","Nov 2010","Buena Vista","35","3256.4"
"127","Nov 2010","Lionsgate Films","27","851.5344"
"128","Dec 2010","Warner Bros. Pictures","167","11667.5"
"128","Dec 2010","20th Century Fox","150","10174.4"
"128","Dec 2010","Universal Pictures","145","9281.7"
"128","Dec 2010","Walt Disney Pictures","33","3597.7331"
"128","Dec 2010","Paramount Pictures","106","6677.7"
"128","Dec 2010","Sony Pictures","59","4329.6"
"128","Dec 2010","New Line Cinema","85","4229.3"
"128","Dec 2010","Columbia Pictures","51","3062.1"
"128","Dec 2010","Buena Vista","35","3256.4"
"128","Dec 2010","Lionsgate Films","27","851.5344"
"129","Jan 2011","Warner Bros. Pictures","167","11667.5"
"129","Jan 2011","20th Century Fox","150","10174.4"
"129","Jan 2011","Universal Pictures","146","9330.1"
"129","Jan 2011","Walt Disney Pictures","33","3597.7331"
"129","Jan 2011","Paramount Pictures","107","6748.3"
"129","Jan 2011","Sony Pictures","60","4428.4"
"129","Jan 2011","New Line Cinema","85","4229.3"
"129","Jan 2011","Columbia Pictures","51","3062.1"
"129","Jan 2011","Buena Vista","35","3256.4"
"129","Jan 2011","Lionsgate Films","29","856.7344"
"130","Feb 2011","Warner Bros. Pictures","168","11712.5"
"130","Feb 2011","20th Century Fox","151","10212.3"
"130","Feb 2011","Universal Pictures","147","9353.2"
"130","Feb 2011","Walt Disney Pictures","33","3597.7331"
"130","Feb 2011","Paramount Pictures","108","6821.3"
"130","Feb 2011","Sony Pictures","61","4531.4"
"130","Feb 2011","New Line Cinema","85","4229.3"
"130","Feb 2011","Columbia Pictures","51","3062.1"
"130","Feb 2011","Buena Vista","35","3256.4"
"130","Feb 2011","Lionsgate Films","29","856.7344"
"131","Mar 2011","Warner Bros. Pictures","168","11712.5"
"131","Mar 2011","20th Century Fox","152","10265.0"
"131","Mar 2011","Universal Pictures","149","9453.1"
"131","Mar 2011","Walt Disney Pictures","34","3619.1331"
"131","Mar 2011","Paramount Pictures","109","6944.5"
"131","Mar 2011","Sony Pictures","61","4531.4"
"131","Mar 2011","New Line Cinema","85","4229.3"
"131","Mar 2011","Columbia Pictures","51","3062.1"
"131","Mar 2011","Buena Vista","35","3256.4"
"131","Mar 2011","Lionsgate Films","30","914.7344"
"132","Apr 2011","Warner Bros. Pictures","168","11712.5"
"132","Apr 2011","20th Century Fox","154","10467.3"
"132","Apr 2011","Universal Pictures","152","9792.5"
"132","Apr 2011","Walt Disney Pictures","35","3629.2331"
"132","Apr 2011","Paramount Pictures","109","6944.5"
"132","Apr 2011","Sony Pictures","62","4531.6"
"132","Apr 2011","New Line Cinema","85","4229.3"
"132","Apr 2011","Columbia Pictures","51","3062.1"
"132","Apr 2011","Buena Vista","35","3256.4"
"132","Apr 2011","Lionsgate Films","30","914.7344"
"133","May 2011","Warner Bros. Pictures","169","11967.0"
"133","May 2011","20th Century Fox","154","10467.3"
"133","May 2011","Universal Pictures","152","9792.5"
"133","May 2011","Walt Disney Pictures","36","3870.3331"
"133","May 2011","Paramount Pictures","110","7125.5"
"133","May 2011","Sony Pictures","63","4568.9"
"133","May 2011","New Line Cinema","85","4229.3"
"133","May 2011","Columbia Pictures","51","3062.1"
"133","May 2011","Buena Vista","35","3256.4"
"133","May 2011","Lionsgate Films","30","914.7344"
"134","Jun 2011","Warner Bros. Pictures","170","12083.6"
"134","Jun 2011","20th Century Fox","156","10681.9"
"134","Jun 2011","Universal Pictures","152","9792.5"
"134","Jun 2011","Walt Disney Pictures","36","3870.3331"
"134","Jun 2011","Paramount Pictures","111","7252.5"
"134","Jun 2011","Sony Pictures","64","4669.2"
"134","Jun 2011","New Line Cinema","85","4229.3"
"134","Jun 2011","Columbia Pictures","51","3062.1"
"134","Jun 2011","Buena Vista","35","3256.4"
"134","Jun 2011","Lionsgate Films","30","914.7344"
"135","Jul 2011","Warner Bros. Pictures","173","12666.4"
"135","Jul 2011","20th Century Fox","157","10705.1"
"135","Jul 2011","Universal Pictures","154","9928.3"
"135","Jul 2011","Walt Disney Pictures","37","3897.0331"
"135","Jul 2011","Paramount Pictures","112","7429.1"
"135","Jul 2011","Sony Pictures","64","4669.2"
"135","Jul 2011","New Line Cinema","85","4229.3"
"135","Jul 2011","Columbia Pictures","52","3142.5"
"135","Jul 2011","Buena Vista","35","3256.4"
"135","Jul 2011","Lionsgate Films","30","914.7344"
"136","Aug 2011","Warner Bros. Pictures","173","12666.4"
"136","Aug 2011","20th Century Fox","159","10893.7"
"136","Aug 2011","Universal Pictures","155","9965.3"
"136","Aug 2011","Walt Disney Pictures","38","3915.3331"
"136","Aug 2011","Paramount Pictures","112","7429.1"
"136","Aug 2011","Sony Pictures","66","4743.0"
"136","Aug 2011","New Line Cinema","85","4229.3"
"136","Aug 2011","Columbia Pictures","52","3142.5"
"136","Aug 2011","Buena Vista","35","3256.4"
"136","Aug 2011","Lionsgate Films","30","914.7344"
"137","Sep 2011","Warner Bros. Pictures","174","12738.7"
"137","Sep 2011","20th Century Fox","160","10907.7"
"137","Sep 2011","Universal Pictures","156","9986.6"
"137","Sep 2011","Walt Disney Pictures","38","3915.3331"
"137","Sep 2011","Paramount Pictures","112","7429.1"
"137","Sep 2011","Sony Pictures","69","4855.4"
"137","Sep 2011","New Line Cinema","85","4229.3"
"137","Sep 2011","Columbia Pictures","52","3142.5"
"137","Sep 2011","Buena Vista","35","3256.4"
"137","Sep 2011","Lionsgate Films","31","942.8344"
"138","Oct 2011","Warner Bros. Pictures","174","12738.7"
"138","Oct 2011","20th Century Fox","162","10952.5"
"138","Oct 2011","Universal Pictures","158","10011.8"
"138","Oct 2011","Walt Disney Pictures","39","4000.8331"
"138","Oct 2011","Paramount Pictures","113","7533.1"
"138","Oct 2011","Sony Pictures","71","4900.9"
"138","Oct 2011","New Line Cinema","85","4229.3"
"138","Oct 2011","Columbia Pictures","52","3142.5"
"138","Oct 2011","Buena Vista","35","3256.4"
"138","Oct 2011","Lionsgate Films","31","942.8344"
"139","Nov 2011","Warner Bros. Pictures","176","12811.0"
"139","Nov 2011","20th Century Fox","162","10952.5"
"139","Nov 2011","Universal Pictures","159","10089.8"
"139","Nov 2011","Walt Disney Pictures","40","4089.4331"
"139","Nov 2011","Paramount Pictures","113","7533.1"
"139","Nov 2011","Sony Pictures","73","5021.5"
"139","Nov 2011","New Line Cinema","85","4229.3"
"139","Nov 2011","Columbia Pictures","52","3142.5"
"139","Nov 2011","Buena Vista","35","3256.4"
"139","Nov 2011","Lionsgate Films","31","942.8344"
"140","Dec 2011","Warner Bros. Pictures","177","12997.8"
"140","Dec 2011","20th Century Fox","165","11191.4"
"140","Dec 2011","Universal Pictures","159","10089.8"
"140","Dec 2011","Walt Disney Pictures","41","4169.3331"
"140","Dec 2011","Paramount Pictures","113","7533.1"
"140","Dec 2011","Sony Pictures","74","5124.0"
"140","Dec 2011","New Line Cinema","85","4229.3"
"140","Dec 2011","Columbia Pictures","52","3142.5"
"140","Dec 2011","Buena Vista","35","3256.4"
"140","Dec 2011","Lionsgate Films","31","942.8344"
"141","Jan 2012","Warner Bros. Pictures","179","13060.5"
"141","Jan 2012","20th Century Fox","166","11240.9"
"141","Jan 2012","Universal Pictures","160","10156.3"
"141","Jan 2012","Walt Disney Pictures","41","4169.3331"
"141","Jan 2012","Paramount Pictures","115","7589.7"
"141","Jan 2012","Sony Pictures","74","5124.0"
"141","Jan 2012","New Line Cinema","85","4229.3"
"141","Jan 2012","Columbia Pictures","52","3142.5"
"141","Jan 2012","Buena Vista","35","3256.4"
"141","Jan 2012","Lionsgate Films","32","969.2344"
"142","Feb 2012","Warner Bros. Pictures","179","13060.5"
"142","Feb 2012","20th Century Fox","167","11305.5"
"142","Feb 2012","Universal Pictures","163","10319.8"
"142","Feb 2012","Walt Disney Pictures","41","4169.3331"
"142","Feb 2012","Paramount Pictures","115","7589.7"
"142","Feb 2012","Sony Pictures","76","5300.8"
"142","Feb 2012","New Line Cinema","86","4333.1"
"142","Feb 2012","Columbia Pictures","52","3142.5"
"142","Feb 2012","Buena Vista","35","3256.4"
"142","Feb 2012","Lionsgate Films","33","1004.2344"
"143","Mar 2012","Warner Bros. Pictures","180","13115.2"
"143","Mar 2012","20th Century Fox","168","11305.51"
"143","Mar 2012","Universal Pictures","164","10533.7"
"143","Mar 2012","Walt Disney Pictures","42","4242.4331"
"143","Mar 2012","Paramount Pictures","116","7608.1"
"143","Mar 2012","Sony Pictures","77","5439.2"
"143","Mar 2012","New Line Cinema","86","4333.1"
"143","Mar 2012","Columbia Pictures","52","3142.5"
"143","Mar 2012","Buena Vista","35","3256.4"
"143","Mar 2012","Lionsgate Films","33","1004.2344"
"144","Apr 2012","Warner Bros. Pictures","182","13175.600712"
"144","Apr 2012","20th Century Fox","169","11349.81"
"144","Apr 2012","Universal Pictures","165","10562.3"
"144","Apr 2012","Walt Disney Pictures","42","4242.4331"
"144","Apr 2012","Paramount Pictures","116","7608.1"
"144","Apr 2012","Sony Pictures","78","5470.3"
"144","Apr 2012","New Line Cinema","86","4333.1"
"144","Apr 2012","Columbia Pictures","52","3142.5"
"144","Apr 2012","Buena Vista","35","3256.4"
"144","Apr 2012","Lionsgate Films","35","1063.3344"
"145","May 2012","Warner Bros. Pictures","183","13255.300712"
"145","May 2012","20th Century Fox","170","11396.21"
"145","May 2012","Universal Pictures","165","10562.3"
"145","May 2012","Walt Disney Pictures","43","4865.7331"
"145","May 2012","Paramount Pictures","117","7667.7"
"145","May 2012","Sony Pictures","79","5649.3"
"145","May 2012","New Line Cinema","86","4333.1"
"145","May 2012","Columbia Pictures","52","3142.5"
"145","May 2012","Buena Vista","35","3256.4"
"145","May 2012","Lionsgate Films","36","1104.4344"
"146","Jun 2012","Warner Bros. Pictures","184","13369.000712"
"146","Jun 2012","20th Century Fox","172","11560.21"
"146","Jun 2012","Universal Pictures","167","10936.0"
"146","Jun 2012","Walt Disney Pictures","44","5103.0331"
"146","Jun 2012","Paramount Pictures","117","7667.7"
"146","Jun 2012","Sony Pictures","80","5686.2"
"146","Jun 2012","New Line Cinema","87","4371.6"
"146","Jun 2012","Columbia Pictures","52","3142.5"
"146","Jun 2012","Buena Vista","35","3256.4"
"146","Jun 2012","Lionsgate Films","37","1170.0344"
"147","Jul 2012","Warner Bros. Pictures","185","13817.100712"
"147","Jul 2012","20th Century Fox","174","11755.91"
"147","Jul 2012","Universal Pictures","168","10983.3"
"147","Jul 2012","Walt Disney Pictures","44","5103.0331"
"147","Jul 2012","Paramount Pictures","118","7693.0"
"147","Jul 2012","Sony Pictures","81","5948.2"
"147","Jul 2012","New Line Cinema","87","4371.6"
"147","Jul 2012","Columbia Pictures","52","3142.5"
"147","Jul 2012","Buena Vista","35","3256.4"
"147","Jul 2012","Lionsgate Films","37","1170.0344"
"148","Aug 2012","Warner Bros. Pictures","187","13908.900712"
"148","Aug 2012","20th Century Fox","176","11805.31"
"148","Aug 2012","Universal Pictures","169","11096.5"
"148","Aug 2012","Walt Disney Pictures","45","5154.9331"
"148","Aug 2012","Paramount Pictures","118","7693.0"
"148","Aug 2012","Sony Pictures","84","6095.0"
"148","Aug 2012","New Line Cinema","87","4371.6"
"148","Aug 2012","Columbia Pictures","53","3162.8"
"148","Aug 2012","Buena Vista","35","3256.4"
"148","Aug 2012","Lionsgate Films","38","1219.1344"
"149","Sep 2012","Warner Bros. Pictures","188","13944.700712"
"149","Sep 2012","20th Century Fox","177","11810.61"
"149","Sep 2012","Universal Pictures","169","11096.5"
"149","Sep 2012","Walt Disney Pictures","45","5154.9331"
"149","Sep 2012","Paramount Pictures","118","7693.0"
"149","Sep 2012","Sony Pictures","86","6309.6"
"149","Sep 2012","New Line Cinema","87","4371.6"
"149","Sep 2012","Columbia Pictures","53","3162.8"
"149","Sep 2012","Buena Vista","35","3256.4"
"149","Sep 2012","Lionsgate Films","39","1232.5344"
"150","Oct 2012","Warner Bros. Pictures","190","14107.800712"
"150","Oct 2012","20th Century Fox","178","11816.61"
"150","Oct 2012","Universal Pictures","169","11096.5"
"150","Oct 2012","Walt Disney Pictures","46","5190.2331"
"150","Oct 2012","Paramount Pictures","120","7756.3"
"150","Oct 2012","Sony Pictures","86","6309.6"
"150","Oct 2012","New Line Cinema","87","4371.6"
"150","Oct 2012","Columbia Pictures","53","3162.8"
"150","Oct 2012","Buena Vista","35","3256.4"
"150","Oct 2012","Lionsgate Films","41","1298.3344"
"151","Nov 2012","Warner Bros. Pictures","190","14107.800712"
"151","Nov 2012","20th Century Fox","179","11941.61"
"151","Nov 2012","Universal Pictures","169","11096.5"
"151","Nov 2012","Walt Disney Pictures","47","5379.6331"
"151","Nov 2012","Paramount Pictures","121","7850.0"
"151","Nov 2012","Sony Pictures","86","6309.6"
"151","Nov 2012","New Line Cinema","87","4371.6"
"151","Nov 2012","Columbia Pictures","53","3162.8"
"151","Nov 2012","Buena Vista","35","3256.4"
"151","Nov 2012","Lionsgate Films","41","1298.3344"
"152","Dec 2012","Warner Bros. Pictures","190","14107.800712"
"152","Dec 2012","20th Century Fox","180","12018.91"
"152","Dec 2012","Universal Pictures","170","11245.3"
"152","Dec 2012","Walt Disney Pictures","47","5379.6331"
"152","Dec 2012","Paramount Pictures","123","7942.5"
"152","Dec 2012","Sony Pictures","86","6309.6"
"152","Dec 2012","New Line Cinema","87","4371.6"
"152","Dec 2012","Columbia Pictures","53","3162.8"
"152","Dec 2012","Buena Vista","35","3256.4"
"152","Dec 2012","Lionsgate Films","41","1298.3344"
"153","Jan 2013","Warner Bros. Pictures","190","14107.800712"
"153","Jan 2013","20th Century Fox","181","12038.61"
"153","Jan 2013","Universal Pictures","170","11245.3"
"153","Jan 2013","Walt Disney Pictures","47","5379.6331"
"153","Jan 2013","Paramount Pictures","123","7942.5"
"153","Jan 2013","Sony Pictures","86","6309.6"
"153","Jan 2013","New Line Cinema","87","4371.6"
"153","Jan 2013","Columbia Pictures","54","3258.5"
"153","Jan 2013","Buena Vista","35","3256.4"
"153","Jan 2013","Lionsgate Films","44","1329.8344"
"154","Feb 2013","Warner Bros. Pictures","192","14136.700712"
"154","Feb 2013","20th Century Fox","182","12105.91"
"154","Feb 2013","Universal Pictures","171","11379.8"
"154","Feb 2013","Walt Disney Pictures","47","5379.6331"
"154","Feb 2013","Paramount Pictures","123","7942.5"
"154","Feb 2013","Sony Pictures","86","6309.6"
"154","Feb 2013","New Line Cinema","87","4371.6"
"154","Feb 2013","Columbia Pictures","54","3258.5"
"154","Feb 2013","Buena Vista","35","3256.4"
"154","Feb 2013","Lionsgate Films","45","1396.2344"
"155","Mar 2013","Warner Bros. Pictures","193","14159.200712"
"155","Mar 2013","20th Century Fox","184","12295.41"
"155","Mar 2013","Universal Pictures","171","11379.8"
"155","Mar 2013","Walt Disney Pictures","48","5614.5331"
"155","Mar 2013","Paramount Pictures","124","8065.0"
"155","Mar 2013","Sony Pictures","87","6361.5"
"155","Mar 2013","New Line Cinema","87","4371.6"
"155","Mar 2013","Columbia Pictures","54","3258.5"
"155","Mar 2013","Buena Vista","35","3256.4"
"155","Mar 2013","Lionsgate Films","46","1448.1344"
"156","Apr 2013","Warner Bros. Pictures","194","14254.200712"
"156","Apr 2013","20th Century Fox","184","12295.41"
"156","Apr 2013","Universal Pictures","172","11468.8"
"156","Apr 2013","Walt Disney Pictures","48","5614.5331"
"156","Apr 2013","Paramount Pictures","124","8065.0"
"156","Apr 2013","Sony Pictures","87","6361.5"
"156","Apr 2013","New Line Cinema","87","4371.6"
"156","Apr 2013","Columbia Pictures","54","3258.5"
"156","Apr 2013","Buena Vista","35","3256.4"
"156","Apr 2013","Lionsgate Films","47","1469.9344"
"157","May 2013","Warner Bros. Pictures","196","14511.200712"
"157","May 2013","20th Century Fox","184","12295.41"
"157","May 2013","Universal Pictures","173","11707.5"
"157","May 2013","Walt Disney Pictures","49","6023.5331"
"157","May 2013","Paramount Pictures","124","8065.0"
"157","May 2013","Sony Pictures","88","6422.0"
"157","May 2013","New Line Cinema","87","4371.6"
"157","May 2013","Columbia Pictures","54","3258.5"
"157","May 2013","Buena Vista","35","3256.4"
"157","May 2013","Lionsgate Films","49","1596.7344"
"158","Jun 2013","Warner Bros. Pictures","197","14802.200712"
"158","Jun 2013","20th Century Fox","186","12499.71"
"158","Jun 2013","Universal Pictures","174","11771.9"
"158","Jun 2013","Walt Disney Pictures","50","6292.0331"
"158","Jun 2013","Paramount Pictures","125","8267.4"
"158","Jun 2013","Sony Pictures","90","6596.6"
"158","Jun 2013","New Line Cinema","87","4371.6"
"158","Jun 2013","Columbia Pictures","54","3258.5"
"158","Jun 2013","Buena Vista","35","3256.4"
"158","Jun 2013","Lionsgate Films","49","1596.7344"
"159","Jul 2013","Warner Bros. Pictures","199","15041.400712"
"159","Jul 2013","20th Century Fox","187","12632.31"
"159","Jul 2013","Universal Pictures","176","12173.5"
"159","Jul 2013","Walt Disney Pictures","51","6381.3331"
"159","Jul 2013","Paramount Pictures","125","8267.4"
"159","Jul 2013","Sony Pictures","92","6801.3"
"159","Jul 2013","New Line Cinema","87","4371.6"
"159","Jul 2013","Columbia Pictures","54","3258.5"
"159","Jul 2013","Buena Vista","35","3256.4"
"159","Jul 2013","Lionsgate Films","50","1649.9344"
"160","Aug 2013","Warner Bros. Pictures","201","15202.300712"
"160","Aug 2013","20th Century Fox","188","12700.91"
"160","Aug 2013","Universal Pictures","178","12277.9"
"160","Aug 2013","Walt Disney Pictures","52","6471.6331"
"160","Aug 2013","Paramount Pictures","125","8267.4"
"160","Aug 2013","Sony Pictures","94","6861.4"
"160","Aug 2013","New Line Cinema","87","4371.6"
"160","Aug 2013","Columbia Pictures","54","3258.5"
"160","Aug 2013","Buena Vista","35","3256.4"
"160","Aug 2013","Lionsgate Films","50","1649.9344"
"161","Sep 2013","Warner Bros. Pictures","201","15202.300712"
"161","Sep 2013","20th Century Fox","188","12700.91"
"161","Sep 2013","Universal Pictures","179","12304.8"
"161","Sep 2013","Walt Disney Pictures","52","6471.6331"
"161","Sep 2013","Paramount Pictures","125","8267.4"
"161","Sep 2013","Sony Pictures","96","6990.1"
"161","Sep 2013","New Line Cinema","87","4371.6"
"161","Sep 2013","Columbia Pictures","54","3258.5"
"161","Sep 2013","Buena Vista","35","3256.4"
"161","Sep 2013","Lionsgate Films","50","1649.9344"
"162","Oct 2013","Warner Bros. Pictures","202","15476.400712"
"162","Oct 2013","20th Century Fox","189","12720.21"
"162","Oct 2013","Universal Pictures","179","12304.8"
"162","Oct 2013","Walt Disney Pictures","53","6474.9331"
"162","Oct 2013","Paramount Pictures","126","8369.4"
"162","Oct 2013","Sony Pictures","98","7132.5"
"162","Oct 2013","New Line Cinema","87","4371.6"
"162","Oct 2013","Columbia Pictures","54","3258.5"
"162","Oct 2013","Buena Vista","35","3256.4"
"162","Oct 2013","Lionsgate Films","50","1649.9344"
"163","Nov 2013","Warner Bros. Pictures","202","15476.400712"
"163","Nov 2013","20th Century Fox","190","12741.71"
"163","Nov 2013","Universal Pictures","180","12375.3"
"163","Nov 2013","Walt Disney Pictures","56","7112.7331"
"163","Nov 2013","Paramount Pictures","126","8369.4"
"163","Nov 2013","Sony Pictures","98","7132.5"
"163","Nov 2013","New Line Cinema","87","4371.6"
"163","Nov 2013","Columbia Pictures","54","3258.5"
"163","Nov 2013","Buena Vista","35","3256.4"
"163","Nov 2013","Lionsgate Films","51","2074.5344"
"164","Dec 2013","Warner Bros. Pictures","202","15476.400712"
"164","Dec 2013","20th Century Fox","192","12803.41"
"164","Dec 2013","Universal Pictures","181","12413.6"
"164","Dec 2013","Walt Disney Pictures","57","7196.0331"
"164","Dec 2013","Paramount Pictures","126","8369.4"
"164","Dec 2013","Sony Pictures","99","7282.6"
"164","Dec 2013","New Line Cinema","87","4371.6"
"164","Dec 2013","Columbia Pictures","54","3258.5"
"164","Dec 2013","Buena Vista","35","3256.4"
"164","Dec 2013","Lionsgate Films","51","2074.5344"
"165","Jan 2014","Warner Bros. Pictures","203","15502.000712"
"165","Jan 2014","20th Century Fox","193","12819.21"
"165","Jan 2014","Universal Pictures","182","12547.7"
"165","Jan 2014","Walt Disney Pictures","57","7196.0331"
"165","Jan 2014","Paramount Pictures","130","8483.3"
"165","Jan 2014","Sony Pictures","99","7282.6"
"165","Jan 2014","New Line Cinema","87","4371.6"
"165","Jan 2014","Columbia Pictures","54","3258.5"
"165","Jan 2014","Buena Vista","35","3256.4"
"165","Jan 2014","Lionsgate Films","52","2093.3344"
"166","Feb 2014","Warner Bros. Pictures","205","15772.400712"
"166","Feb 2014","20th Century Fox","194","12878.91"
"166","Feb 2014","Universal Pictures","184","12662.8"
"166","Feb 2014","Walt Disney Pictures","57","7196.0331"
"166","Feb 2014","Paramount Pictures","130","8483.3"
"166","Feb 2014","Sony Pictures","102","7432.4"
"166","Feb 2014","New Line Cinema","87","4371.6"
"166","Feb 2014","Columbia Pictures","54","3258.5"
"166","Feb 2014","Buena Vista","35","3256.4"
"166","Feb 2014","Lionsgate Films","52","2093.3344"
"167","Mar 2014","Warner Bros. Pictures","206","15879.000712"
"167","Mar 2014","20th Century Fox","195","12990.41"
"167","Mar 2014","Universal Pictures","184","12662.8"
"167","Mar 2014","Walt Disney Pictures","58","7247.2331"
"167","Mar 2014","Paramount Pictures","131","8584.5"
"167","Mar 2014","Sony Pictures","102","7432.4"
"167","Mar 2014","New Line Cinema","87","4371.6"
"167","Mar 2014","Columbia Pictures","54","3258.5"
"167","Mar 2014","Buena Vista","35","3256.4"
"167","Mar 2014","Lionsgate Films","53","2109.3344"
"168","Apr 2014","Warner Bros. Pictures","207","15902.000712"
"168","Apr 2014","20th Century Fox","197","13205.81"
"168","Apr 2014","Universal Pictures","184","12662.8"
"168","Apr 2014","Walt Disney Pictures","60","7524.7331"
"168","Apr 2014","Paramount Pictures","131","8584.5"
"168","Apr 2014","Sony Pictures","103","7523.8"
"168","Apr 2014","New Line Cinema","87","4371.6"
"168","Apr 2014","Columbia Pictures","54","3258.5"
"168","Apr 2014","Buena Vista","35","3256.4"
"168","Apr 2014","Lionsgate Films","53","2109.3344"
"169","May 2014","Warner Bros. Pictures","208","15948.300712"
"169","May 2014","20th Century Fox","198","13439.71"
"169","May 2014","Universal Pictures","186","12855.5"
"169","May 2014","Walt Disney Pictures","62","7802.5331"
"169","May 2014","Paramount Pictures","131","8584.5"
"169","May 2014","Sony Pictures","104","7726.7"
"169","May 2014","New Line Cinema","87","4371.6"
"169","May 2014","Columbia Pictures","54","3258.5"
"169","May 2014","Buena Vista","35","3256.4"
"169","May 2014","Lionsgate Films","53","2109.3344"
"170","Jun 2014","Warner Bros. Pictures","210","16095.400712"
"170","Jun 2014","20th Century Fox","200","13741.61"
"170","Jun 2014","Universal Pictures","186","12855.5"
"170","Jun 2014","Walt Disney Pictures","62","7802.5331"
"170","Jun 2014","Paramount Pictures","132","8829.9"
"170","Jun 2014","Sony Pictures","106","7983.6"
"170","Jun 2014","New Line Cinema","87","4371.6"
"170","Jun 2014","Columbia Pictures","54","3258.5"
"170","Jun 2014","Buena Vista","35","3256.4"
"170","Jun 2014","Lionsgate Films","53","2109.3344"
"171","Jul 2014","Warner Bros. Pictures","211","16179.900712"
"171","Jul 2014","20th Century Fox","201","13746.71"
"171","Jul 2014","Universal Pictures","187","12927.0"
"171","Jul 2014","Walt Disney Pictures","62","7802.5331"
"171","Jul 2014","Paramount Pictures","133","8902.6"
"171","Jul 2014","Sony Pictures","108","8052.7"
"171","Jul 2014","New Line Cinema","87","4371.6"
"171","Jul 2014","Columbia Pictures","54","3258.5"
"171","Jul 2014","Buena Vista","35","3256.4"
"171","Jul 2014","Lionsgate Films","54","2123.7344"
"172","Aug 2014","Warner Bros. Pictures","213","16278.000712"
"172","Aug 2014","20th Century Fox","202","13829.11"
"172","Aug 2014","Universal Pictures","187","12927.0"
"172","Aug 2014","Walt Disney Pictures","64","8189.9331"
"172","Aug 2014","Paramount Pictures","134","9093.8"
"172","Aug 2014","Sony Pictures","108","8052.7"
"172","Aug 2014","New Line Cinema","87","4371.6"
"172","Aug 2014","Columbia Pictures","54","3258.5"
"172","Aug 2014","Buena Vista","35","3256.4"
"172","Aug 2014","Lionsgate Films","54","2123.7344"
"173","Sep 2014","Warner Bros. Pictures","216","16364.100712"
"173","Sep 2014","20th Century Fox","203","13931.51"
"173","Sep 2014","Universal Pictures","187","12927.0"
"173","Sep 2014","Walt Disney Pictures","64","8189.9331"
"173","Sep 2014","Paramount Pictures","134","9093.8"
"173","Sep 2014","Sony Pictures","110","8155.4"
"173","Sep 2014","New Line Cinema","87","4371.6"
"173","Sep 2014","Columbia Pictures","54","3258.5"
"173","Sep 2014","Buena Vista","35","3256.4"
"173","Sep 2014","Lionsgate Films","54","2123.7344"
"174","Oct 2014","Warner Bros. Pictures","217","16411.200712"
"174","Oct 2014","20th Century Fox","203","13931.51"
"174","Oct 2014","Universal Pictures","187","12927.0"
"174","Oct 2014","Walt Disney Pictures","64","8189.9331"
"174","Oct 2014","Paramount Pictures","134","9093.8"
"174","Oct 2014","Sony Pictures","111","8241.2"
"174","Oct 2014","New Line Cinema","88","4455.9"
"174","Oct 2014","Columbia Pictures","54","3258.5"
"174","Oct 2014","Buena Vista","35","3256.4"
"174","Oct 2014","Lionsgate Films","54","2123.7344"
"175","Nov 2014","Warner Bros. Pictures","218","16413.900712"
"175","Nov 2014","20th Century Fox","203","13931.51"
"175","Nov 2014","Universal Pictures","188","13013.2"
"175","Nov 2014","Walt Disney Pictures","65","8412.4331"
"175","Nov 2014","Paramount Pictures","134","9093.8"
"175","Nov 2014","Sony Pictures","111","8241.2"
"175","Nov 2014","New Line Cinema","88","4455.9"
"175","Nov 2014","Columbia Pictures","54","3258.5"
"175","Nov 2014","Buena Vista","35","3256.4"
"175","Nov 2014","Lionsgate Films","55","2460.8344"
"176","Dec 2014","Warner Bros. Pictures","219","16418.100712"
"176","Dec 2014","20th Century Fox","206","14148.11"
"176","Dec 2014","Universal Pictures","188","13013.2"
"176","Dec 2014","Walt Disney Pictures","66","8540.4331"
"176","Dec 2014","Paramount Pictures","134","9093.8"
"176","Dec 2014","Sony Pictures","112","8327.1"
"176","Dec 2014","New Line Cinema","88","4455.9"
"176","Dec 2014","Columbia Pictures","54","3258.5"
"176","Dec 2014","Buena Vista","35","3256.4"
"176","Dec 2014","Lionsgate Films","55","2460.8344"
"177","Jan 2015","Warner Bros. Pictures","219","16418.100712"
"177","Jan 2015","20th Century Fox","206","14148.11"
"177","Jan 2015","Universal Pictures","188","13013.2"
"177","Jan 2015","Walt Disney Pictures","67","8552.8331"
"177","Jan 2015","Paramount Pictures","134","9093.8"
"177","Jan 2015","Sony Pictures","112","8327.1"
"177","Jan 2015","New Line Cinema","88","4455.9"
"177","Jan 2015","Columbia Pictures","54","3258.5"
"177","Jan 2015","Buena Vista","35","3256.4"
"177","Jan 2015","Lionsgate Films","55","2460.8344"
"178","Feb 2015","Warner Bros. Pictures","221","16519.300712"
"178","Feb 2015","20th Century Fox","206","14148.11"
"178","Feb 2015","Universal Pictures","188","13013.2"
"178","Feb 2015","Walt Disney Pictures","68","8597.3331"
"178","Feb 2015","Paramount Pictures","135","9106.1"
"178","Feb 2015","Sony Pictures","112","8327.1"
"178","Feb 2015","New Line Cinema","88","4455.9"
"178","Feb 2015","Columbia Pictures","54","3258.5"
"178","Feb 2015","Buena Vista","35","3256.4"
"178","Feb 2015","Lionsgate Films","56","2494.8344"
"179","Mar 2015","Warner Bros. Pictures","222","16609.500712"
"179","Mar 2015","20th Century Fox","209","14363.31"
"179","Mar 2015","Universal Pictures","188","13013.2"
"179","Mar 2015","Walt Disney Pictures","68","8597.3331"
"179","Mar 2015","Paramount Pictures","135","9106.1"
"179","Mar 2015","Sony Pictures","113","8358.7"
"179","Mar 2015","New Line Cinema","88","4455.9"
"179","Mar 2015","Columbia Pictures","54","3258.5"
"179","Mar 2015","Buena Vista","35","3256.4"
"179","Mar 2015","Lionsgate Films","57","2624.8344"
"180","Apr 2015","Warner Bros. Pictures","222","16609.500712"
"180","Apr 2015","20th Century Fox","210","14369.91"
"180","Apr 2015","Universal Pictures","189","13045.6"
"180","Apr 2015","Walt Disney Pictures","69","8613.6331"
"180","Apr 2015","Paramount Pictures","135","9106.1"
"180","Apr 2015","Sony Pictures","114","8427.1"
"180","Apr 2015","New Line Cinema","88","4455.9"
"180","Apr 2015","Columbia Pictures","54","3258.5"
"180","Apr 2015","Buena Vista","35","3256.4"
"180","Apr 2015","Lionsgate Films","57","2624.8344"
"181","May 2015","Warner Bros. Pictures","223","16642.900712"
"181","May 2015","20th Century Fox","212","14425.91"
"181","May 2015","Universal Pictures","190","13206.5"
"181","May 2015","Walt Disney Pictures","71","9158.8331"
"181","May 2015","Paramount Pictures","135","9106.1"
"181","May 2015","Sony Pictures","115","8446.1"
"181","May 2015","New Line Cinema","88","4455.9"
"181","May 2015","Columbia Pictures","54","3258.5"
"181","May 2015","Buena Vista","35","3256.4"
"181","May 2015","Lionsgate Films","58","2625.0344"
"182","Jun 2015","Warner Bros. Pictures","223","16642.900712"
"182","Jun 2015","20th Century Fox","212","14425.91"
"182","Jun 2015","Universal Pictures","192","13821.5"
"182","Jun 2015","Walt Disney Pictures","71","9158.8331"
"182","Jun 2015","Paramount Pictures","135","9106.1"
"182","Jun 2015","Sony Pictures","115","8446.1"
"182","Jun 2015","New Line Cinema","88","4455.9"
"182","Jun 2015","Columbia Pictures","54","3258.5"
"182","Jun 2015","Buena Vista","35","3256.4"
"182","Jun 2015","Lionsgate Films","58","2625.0344"
"183","Jul 2015","Warner Bros. Pictures","224","16670.800712"
"183","Jul 2015","20th Century Fox","212","14425.91"
"183","Jul 2015","Universal Pictures","192","13821.5"
"183","Jul 2015","Walt Disney Pictures","71","9158.8331"
"183","Jul 2015","Paramount Pictures","135","9106.1"
"183","Jul 2015","Sony Pictures","115","8446.1"
"183","Jul 2015","New Line Cinema","88","4455.9"
"183","Jul 2015","Columbia Pictures","54","3258.5"
"183","Jul 2015","Buena Vista","35","3256.4"
"183","Jul 2015","Lionsgate Films","58","2625.0344"
